시도,행정구,삶의 만족도,1인당 GRDP,신혼부부수_스케일링,신혼부부수,평균 자살율,평균 소득,미술관,도서관,박물관,인당_기관수_스케일링,청년인구당_기관수_스케일링,인당_학원수_스케일링,인당_초/중/고_개수,학생당_학교수,공원수,평균공원면적,공원시설통합num평균,평균년도,응급실병상수 총합,병원,보건소,보건의료원,보건지소,보건진료소,상급종합,약국,요양병원,의원,정신병원,조산원,종합병원,치과병원,치과의원,한방병원,한의원
충북,청주시,0.2927,4056,0.580845811,19299,23.4,37455,9,19,11,0.163068221,0.165821914,0.364224426,0.00037255598,0.00298160407,433,35281.69446,0,1999.759815,96.36190294,11.24649591,2.056945253,0,6.122075826,12.12256824,0.522812943,173.465664,5.573718059,234.3348502,1.541013274,0.51593198,2.803071923,1.268939613,124.0009508,3.685235424,103.5530721
경기,남양주시,0.3529,1762,0.518538303,15517,21.4,37261,4,13,7,0.0569478918,0.0596074903,0.393217687,0.000320493587,0.00237275472,170,28061.22353,0,,,,,,,,,,,,,,,,,,
세종,세종특별자치시,0.9077,,0.820885124,10959,,,,,,0.14320298,0.166405024,0.594266328,,,165,20498.33,4.39,2006,10.167079,0.260694333,0.260694333,0,2.606943333,1.824860333,0,39.10414999,1.042777333,53.70303266,0.260694333,0,0.521388667,0.260694333,25.28735033,0.782083,21.63762966
서울,종로구,0.4437,22977,0.239483982,2043,15.7,42022,18,7,38,1,0.946851273,0.326377036,0.000423884071,0.0052175451,43,42121.7,1.697674419,2002.232558,62.9513577,1.414637252,0.707318626,0,0,0,1.414637252,120.951485,0.707318626,141.4637252,0,0,1.414637252,0.707318626,98.31728899,1.414637252,79.92700472
서울,중구,0.4976,44764,0.522552636,2582,20.2,38282,3,9,17,0.343747273,0.395522388,0.190604901,0.00037867874,0.0060130719,38,7143.405263,0.394736842,2009.052632,27.40021754,2.490928867,0.830309622,0,0,0,0,131.1889203,0,209.2380249,0,0,0.830309622,4.151548112,164.4013052,0.830309622,78.04910451
서울,용산구,0.6161,5848,0.645166334,4967,14.9,63288,4,4,8,0.135094948,0.151688609,0.17135757,0.000228087799,0.00288237459,48,10481.2,1.6875,1988.125,12.34850217,0.457351932,0.457351932,0,0,0,0,51.22341642,0,65.85867825,0,0.457351932,0.457351932,0,45.2778413,0,26.98376401
서울,성동구,0.4729,4403,0.65399827,6724,20.5,42124,2,7,3,0.150965846,0.152094892,0.299039763,0.000249460406,0.0030428647,50,14858.5974,2.42,1992.8,13.52313167,1.423487544,0.355871886,0,0,0,0.355871886,51.60142349,1.067615658,82.91814947,0,0,0.355871886,0.355871886,42.70462633,0,33.09608541
서울,광진구,0.4041,1862,0.39238832,6092,13.8,37235,,,,0.166614097,0.153901996,0.32238388,0.000218458877,0.0026234457,43,1128.609302,1.488372093,1982.930233,12.15117244,1.185480238,0.29637006,0,0,0,0.29637006,50.38291012,0.592740119,80.90902625,0.29637006,0,0.29637006,0.592740119,43.56639875,0.592740119,34.67529696
서울,동대문구,0.5842,2110,0.406255939,6333,19.7,34711,,,,0.244659802,0.203617737,0.287484882,0.000216789465,0.00264720612,48,15786.3,0.125,1996.770833,18.71413125,3.861646131,0.297049702,0,0,0,0.297049702,65.94503392,1.782298214,76.34177351,0.594099405,0.297049702,0.891149107,1.188198809,46.63680327,0.594099405,41.88400803
서울,중랑구,0.1058,1253,0.588497965,8685,16.8,34368,,,,0.0730409366,0.0885547201,0.206314417,0.000209904336,0.002717299,58,26550.11379,0,,12.45724311,3.114310777,0.259525898,0,0,0,0,44.11940268,0.519051796,64.36242273,0.259525898,0,0.778577694,0,40.745566,0.259525898,28.54784879
서울,성북구,0.6382,1420,0.41710088,7977,14.7,38567,4,13,9,0.229688067,0.187373737,0.328909299,0.000252243077,0.00255699469,51,21788.1549,3.509803922,1993.705882,9.990775958,1.394061762,0.232343627,0,0.464687254,0,0.232343627,43.44825824,1.858749015,57.62121948,0,0,0,0.232343627,34.61920041,0.464687254,26.25482984
서울,강북구,0.0461,1166,0.251110568,4261,18.9,33206,,,,0.0976579876,0.102460007,0.205463835,0.000192945898,0.0024880123,56,29934.73393,2.642857143,1986.163265,5.448477832,3.06476878,0.340529864,0,0,0,0,54.14424845,1.362119458,75.25710005,0,0,0.340529864,0.340529864,41.88517333,0.340529864,30.30715794
서울,도봉구,0.2171,1151,0.311122105,4991,24.5,35088,,,,0.0455759659,0.0509468423,0.298385713,0.000245579568,0.00283596763,71,139652.5775,0.605633803,2013.113636,8.662341912,1.283309913,0.320827478,0,0,0,0,37.53681495,1.924964869,52.61570643,0.641654956,0,0.320827478,0.320827478,32.72440278,1.283309913,25.66619826
서울,노원구,0.624,1297,0.420494369,9351,16,37419,2,9,4,0.168651589,0.146049096,0.425809618,0.000315035048,0.00290854852,176,78758.47386,2.664772727,,11.11697841,0.794069886,0.198517472,0,0.198517472,0,0,45.46050098,1.191104829,72.85591205,0,0,0.595552415,0.595552415,38.51238948,0.794069886,27.79244601
서울,은평구,0.3242,1117,0.463176707,9237,19,36448,1,8,2,0.0299499933,0.0326324539,0.34828091,0.000228085502,0.00250478508,101,20991.33564,1.386138614,,11.78371105,2.142492919,0.214249292,0,0.428498584,0,0,46.70634564,1.07124646,69.41677058,0.214249292,0,0.428498584,0.214249292,40.27886688,0.428498584,32.78014166
서울,서대문구,0.605,2705,0.400684323,5626,17.6,37390,,,,0.410225334,0.362972263,0.354054877,0.000203033052,0.0022506171,55,24922.03273,3.581818182,1985.038462,22.19777565,1.305751509,0.326437877,0,0.326437877,0,0.326437877,47.98636795,1.632189386,65.28757545,0,0.326437877,0.326437877,0.652875754,40.80473465,0.652875754,28.40009532
서울,마포구,0.6487,5574,0.516705043,7667,15.9,41376,,,,0.0766820282,0.0735932239,0.471378261,0.000203840465,0.00225341819,89,12384.21685,0,1992.58427,1.64546756,1.371222966,0.274244593,0,0,0,0,53.75194028,0.82273378,105.3099238,0,0,0,0.82273378,53.75194028,0.82273378,40.8624444
서울,양천구,0.6845,1642,0.305329763,7023,15.6,42833,,,,0,0,0.741733098,0.00023539892,0.00181753386,96,23524.04271,0,1987.489583,12.02138446,0.907274299,0.226818575,0,0,0,0.226818575,40.60052486,0.680455724,68.27239096,0,0,0.453637149,0.680455724,40.82734343,0.907274299,33.56914904
서울,강서구,0.3646,3024,0.587807015,12737,17.8,38545,1,9,3,0.124423646,0.142918779,0.359000822,0.000239570204,0.00261483823,151,21690.74901,1.629139073,1989.545455,8.960479017,2.986826339,0.175695667,0,0,0,0,46.38365609,0.878478335,77.30609348,0.175695667,0,0.702782668,0.527087001,41.81556874,1.405565336,33.03078539
서울,구로구,0.4386,3284,0.620587703,9182,18.5,35145,,,,0.107022085,0.126829657,0.286871087,0.00022554329,0.00252619492,62,20735.7579,2.064516129,1992.370968,13.40702984,2.023702617,0.252962827,0,0.252962827,0,0.252962827,46.79812302,2.023702617,70.82959159,0.252962827,0,0.252962827,0.252962827,43.00368061,0.505925654,27.57294816
서울,금천구,0.1707,6967,0.538310091,4901,23.4,33385,,,,0,0,0.231928593,0.000224994706,0.00328608247,52,2809.409615,4.403846154,1978.807692,4.354604123,1.741841649,0.435460412,0,0,0,0,54.43255154,1.741841649,70.54458679,0.435460412,0,0.435460412,0,45.72334329,1.741841649,30.04676845
서울,영등포구,0.6637,9814,0.706883799,9578,15.9,39718,1,6,2,0.0371131079,0.0446146723,0.325779397,0.000223976109,0.00283898878,50,5489.97,3.4,1985.72,30.07919079,2.395687762,0.266187529,0,0,0,0,68.41019498,2.395687762,97.95701071,0.266187529,0,1.863312704,0,60.69075664,0.798562587,38.33100419
서울,동작구,0.6413,1720,0.435482216,7276,15,38827,,,,0.147163807,0.134770033,0.369281443,0.000200886013,0.00238963652,52,48473.58846,0,1986.134615,18.65495171,1.050983195,0.262745799,0,0,0,0.262745799,47.81973536,0.525491597,70.15312825,0,0,0.262745799,0.525491597,43.87854838,0.262745799,33.10597064
서울,관악구,0.2257,1236,0.317373118,7933,19.1,34536,1,5,2,0.0289287013,0.0254532357,0.220335124,0.000184975423,0.0030989937,77,5769.493506,2.298701299,1976.662338,8.217737164,2.465321149,0.205443429,0,0,0,0,44.99211097,0.410886858,69.43987903,0,0,0.205443429,0.205443429,40.88324239,0.821773716,28.35119322
서울,서초구,0.9259,9460,0.333093955,6866,15.4,59153,5,10,4,0.136659434,0.140536957,0.704757202,0.000191456147,0.0014315604,137,100907.7807,0,,10.14035739,3.215235269,0.24732579,0,0.49465158,0,0.24732579,63.81005379,0.98930316,189.9462066,0,0,0.24732579,1.236628949,73.70308539,1.483954739,60.59481852
서울,강남구,0.7945,14848,0.215570237,7860,21.5,59899,4,15,8,0.0250083547,0.0262701363,1,0.000213809584,0.00157944335,133,15280.92632,2.248120301,,18.71094798,6.047983187,0.188999475,0,0,0,0.377998949,90.15274938,1.322996322,330.7490805,0,0,0.377998949,2.267993695,96.01173309,1.700995271,65.96081663
서울,송파구,0.7575,4772,0.510783752,13696,15.8,46473,3,12,5,0.0213234123,0.0242080983,0.450141318,0.000211412604,0.00190150743,140,25437.82643,0,,15.3308814,3.0358181,0.151790905,0,0.151790905,0,0.151790905,56.46621666,1.366118145,88.34230671,0.151790905,0,0.151790905,0.455372715,48.5730896,1.062536335,37.49235353
서울,강동구,0.3796,2077,0.584716056,10502,19.5,39818,,,,0,0,0.424078719,0.000209663544,0.00191517928,74,26148.5527,4.067567568,1983.040541,15.21517518,3.043035036,0.217359645,0,0,0,0,52.6010342,1.086798227,86.0744196,0,0,0.652078936,0.652078936,49.77535881,1.738877164,39.55945547
부산,중구,0.0225,8632,0.168212699,496,32.6,30863,1,1,2,0,0,0.219021428,0.000315043318,0.00647598489,4,69266.55,0,,25.19589811,5.039179622,2.519589811,0,0,0,0,115.9011313,10.07835924,166.2929275,0,0,2.519589811,0,95.74441281,2.519589811,60.47015546
부산,서구,0.3044,3257,0.250047443,1535,24.4,33300,1,1,2,0.270640391,0.301264743,0.312081665,0.000330549587,0.00397196262,7,393262.7429,3.428571429,1995.571429,109.323903,2.851927903,0.950642634,0,0,0,2.851927903,88.409765,4.753213172,56.08791543,0.950642634,0,0.950642634,0,34.22313484,1.901285269,27.5686364
부산,동구,0.0361,4770,0.422680261,1642,24,32294,,,,0,0,0.166300079,0.000276755959,0.00416811393,6,161992.3333,1.5,1982.666667,38.16705605,5.78288728,1.156577456,0,0,0,0,70.55122482,5.78288728,78.64726701,1.156577456,0,3.469732368,2.313154912,39.3236335,1.156577456,46.26309824
부산,영도구,0.2273,2514,0.160820543,1351,20.8,31575,,,,0.264778953,0.359748855,0.178457751,0.000389971085,0.00509506648,15,12791.6,1.8,1996.933333,14.7934465,1.849180813,0.924590406,0,0,0,0,47.15411073,4.622952032,63.79673805,0,0,1.849180813,0,24.96394097,0,26.81312179
부산,부산진구,0.4239,2466,0.407103494,6720,25.2,34083,1,4,4,0.153876513,0.162901491,0.353936858,0.000306782378,0.00365275767,31,150285.0258,0.838709677,1990.580645,24.72486563,4.495430114,0.280964382,0,0,0,0.280964382,55.34998328,3.93350135,124.1862569,0,0,0.842893146,1.123857529,46.64008744,1.123857529,41.86369294
부산,동래구,0.6437,1493,0.368719402,4757,22.1,37976,,,,0,0,0.587681308,0.000297344712,0.00247440537,48,42465.23125,0.791666667,1998.083333,15.37188994,6.58795283,0.365997379,0,0,0,0,51.97162788,5.489960692,72.10148375,0.365997379,0,1.097992138,1.097992138,50.14164099,1.097992138,40.25971174
부산,남구,0.5531,2385,0.178032948,3389,18.6,36161,1,2,6,0.217674979,0.196907073,0.35676181,0.000301047018,0.00282113285,45,38638.91111,0,2001.711111,8.192468391,1.950587712,0.390117542,0,0,0,0,42.52281212,3.120940339,66.31998221,1.170352627,0,0.390117542,0.390117542,39.40187178,0.390117542,33.15999111
부산,북구,0.3065,1100,0.45204195,5303,24.7,34861,,,,0.102978245,0.124464275,0.357960178,0.000336629342,0.00344618647,81,8217.097531,6.740740741,1999.160494,11.11680897,3.22746067,0.358606741,0,0.358606741,0,0,38.3709213,4.661887634,58.09429206,0.358606741,0,0.717213482,1.075820223,32.63321344,0.358606741,27.9713258
부산,해운대구,0.6314,2420,0.311222881,6164,26.2,41623,2,7,1,0.147632862,0.169762972,0.559749026,0.000259862856,0.00224061457,69,25331.45507,0,1994.681159,14.73686932,2.843957237,0.258541567,0,0.517083134,0,0,41.10810916,3.619581938,85.57725868,0.517083134,0,0.517083134,0.517083134,41.10810916,0.258541567,33.09332058
부산,사하구,0.1104,2324,0.363561087,5159,22.6,33561,1,2,1,0.0947585916,0.105519885,0.342171467,0.000330183541,0.00338132255,61,8738.190164,0,1998.95082,2.317980575,5.960521479,0.331140082,0,0,0,0,42.7170706,6.953941726,61.92319537,0.993420247,0,0,0.331140082,33.4451483,0.662280164,26.82234666
부산,금정구,0.5369,1920,0.202049722,2932,22,34693,2,3,4,0.262200245,0.242202673,0.433974778,0.000320241123,0.00356805541,37,63135.06757,0.810810811,1982.297297,4.519651444,4.519651444,0.451965144,0,0,0,0,47.45634017,7.683407456,64.63101566,1.355895433,0,0,0,42.03275843,0.451965144,35.70524641
부산,강서구,0.4799,9341,0.939880486,4414,18.9,40490,,,,0,0,0.600658787,0.000427754988,0.0026224152,86,14149.09651,7.88372093,2006.116279,6.982898881,4.189739328,0.698289888,0,2.793159552,2.094869664,0,30.02646519,0,38.40594384,0,0,0,0.698289888,19.55211687,0.698289888,13.96579776
부산,연제구,0.6428,3166,0.378710686,3801,24.3,36611,,,,0.196787344,0.239025857,0.360778085,0.000221497512,0.00214739343,25,3072.964,2.4,1995.72,11.30021225,5.895762912,0.491313576,0,0,0,0,46.67478972,5.895762912,82.04936719,0.982627152,0,0.491313576,0.982627152,45.20084899,0.982627152,37.33983177
부산,수영구,0.3467,1630,0.363539451,3037,20.8,35917,,,,0,0,0.424939271,0.000231287404,0.0027921262,21,6164.52381,0,2008.333333,26.31488622,3.432376463,0.572062744,0,0,0,0,46.909145,5.148564695,76.65640767,0,0.572062744,1.716188232,0.572062744,45.19295676,0.572062744,45.19295676
부산,사상구,0.0903,3004,0.283719534,3151,24.4,32305,,,,0.277508012,0.310395315,0.195132457,0.000328968683,0.0039763827,33,21305.90909,0,1991.181818,16.19321946,3.434925339,0.49070362,0,0,0,0,36.80277149,5.888443439,52.50528733,2.94422172,0,0.98140724,0.49070362,27.47940272,0.49070362,22.0816629
부산,기장군,0.4374,3650,0.670688985,4369,16.6,36437,,,,0.0786823064,0.100779616,0.464662766,0.000418315432,0.00289730238,95,92399.38105,2.936842105,2005.821053,11.19733056,2.239466111,0.559866528,0,2.239466111,1.119733056,0,35.27159125,2.799332639,50.94785403,0,0,0.559866528,0.559866528,27.43345986,1.119733056,19.59532847
대구,중구,0.4445,6979,0.38887016,1694,15.4,37092,,,,0.29824723,0.310896026,0.662449287,0.000332126251,0.00342012357,17,14235.58824,1.823529412,1999.647059,74.81390042,13.71588174,1.24689834,0,0,0,1.24689834,180.8002594,1.24689834,319.2059751,0,0,2.493796681,4.987593362,118.4553423,2.493796681,77.3076971
대구,동구,0.31,2278,0.471051975,6888,25.1,34642,,,,0.0405335593,0.0501276837,0.37873114,0.000320333613,0.00326119182,112,22504.42411,0,2004.928571,18.26053662,1.767148706,0.294524784,0,0,0,0,51.83636203,2.356198274,69.80237387,0.883574353,0,0.589049569,0,30.33605278,0.294524784,34.16487497
대구,서구,0.0049,2397,0.0915240974,1831,31.2,31131,,,,0.0854428709,0.118541713,0.220341674,0.000306931119,0.0042073376,20,25674.43,4.45,1984.55,16.89326584,4.379735589,0.625676513,0,0,0,0,65.69603384,6.88244164,74.45550501,0.625676513,0,0.625676513,0,33.78653169,0,40.04329681
대구,남구,0.0828,2172,0.26414467,2083,29.7,31757,,,,0.611452461,0.675302612,0.259565995,0.00029286436,0.00408413314,22,2687.768182,2.136363636,1981.636364,66.42217653,3.533094496,0.706618899,0,0,0,1.413237798,73.48836552,6.359570093,79.14131671,0,0,1.413237798,0,41.69051505,0,43.10375285
대구,북구,0.3459,2383,0.438100051,8028,18.3,34459,1,7,3,0.167250648,0.150141643,0.422256501,0.000355676037,0.0031240765,94,13416.41064,4.914893617,1993.93617,9.978835586,4.873384821,0.232065944,0,0.232065944,0,0.232065944,46.64525472,2.784791326,59.17681568,0.696197832,0,0.232065944,0,32.2571662,0.464131888,28.07997921
대구,수성구,0.77,2085,0.141573009,5063,23,42780,1,8,4,0.0340969832,0.0327899279,0.908378623,0.00029396274,0.00208731953,90,15252.16444,0.822222222,1998.755556,3.401748985,3.158766915,0.24298207,0,0,0,0,50.05430649,2.429820704,90.63231224,0.485964141,0,0.24298207,0.971928281,41.30695196,1.214910352,51.51219891
대구,달서구,0.3832,2148,0.318852713,8665,24,35316,1,9,1,0.0796202865,0.0775269394,0.507009721,0.000350845079,0.00301866982,180,13615.08889,1.888888889,1991.855556,23.27794424,3.910694632,0.186223554,0,0,0,0.186223554,49.7216889,2.234682647,73.74452736,0.744894216,0,0.93111777,0.744894216,38.36205211,0.93111777,30.54066284
대구,달성군,0.5706,2710,0.831640666,7366,15.1,35803,,,,0.0537359472,0.0699993396,0.406242549,0.000409228488,0.00295083793,94,20427.21383,0,2002.255319,11.01982809,1.89997036,0.379994072,0,2.659958505,3.039952577,0,33.81947242,3.419946649,45.97928272,0.759988144,0,0,0,24.31962061,0,22.03965618
인천,중구,0.3637,8079,0.628303485,3906,18.8,37150,1,4,9,0,0,0.245769868,0.00036425007,0.00309469775,113,15233.82301,1.221238938,2004.964602,28.77114516,1.307779325,0.653889663,0,1.307779325,0.653889663,0.653889663,35.96393145,2.615558651,41.84893841,0,0,0.653889663,0.653889663,23.54002786,1.307779325,11.11612427
인천,동구,0.3377,6297,0.304703929,950,17.7,33141,,,,0.237256673,0.297085202,0.152119621,0.000460232503,0.00502606106,14,14976.63571,7.642857143,1999.214286,38.98371159,0,1.694943982,0,0,0,0,57.62809539,0,69.49270327,0,0,3.389887964,0,42.37359955,0,30.50899168
인천,연수구,0.045,2958,0.496600251,8188,21.3,42624,,,,0.175536235,0.173032974,0.466582902,0.000300150327,0.00205732858,89,10811.96404,0,1995.966292,8.553743429,1.036817385,0.259204346,0,0.259204346,0,0,28.5124781,0.777613039,58.06177358,0,0,0.518408693,0.518408693,31.8821346,1.296021732,20.73634771
인천,남동구,0.6497,3218,0.471111881,9793,25.7,35330,,,,0,0,0.337032989,0.000290874529,0.00252072497,154,14033.67532,2.720779221,1997.162338,13.82904534,1.975577906,0.197557791,0,0,0,0.197557791,44.45050288,2.765809068,70.33057345,0.790231162,0,0.197557791,0.197557791,36.74574905,1.975577906,29.23855301
인천,부평구,0.2927,2144,0.505548646,10302,21.9,34891,,,,0.0281840695,0.0320406251,0.27314763,0.000303731647,0.00310771334,88,10025.65909,4,1991.056818,12.06252888,1.431147494,0.204449642,0,0.204449642,0,0.204449642,46.00116945,1.02224821,64.19718759,0.204449642,0,0.408899284,0.817798568,35.36978807,1.431147494,23.92060812
인천,계양구,0.2794,1676,0.394600997,5143,23.6,34238,,,,0.0989573817,0.106962664,0.242012097,0.000319930611,0.00337521095,64,6754.620359,3.578125,1998.6875,14.54011687,2.423352812,0.346193259,0,0.346193259,0,0,40.50461129,2.077159554,56.77569446,1.384773036,0,0.692386518,0,34.96551915,2.077159554,23.88733487
인천,서구,0.1531,3401,0.608624474,14678,22.6,37648,,,,0,0,0.35600377,0.000293108775,0.00220945647,128,10255.68672,1.8046875,1997.132813,18.84508491,1.527979858,0.16977554,0,0,0,0,30.7293727,1.867530937,46.00917127,0.509326619,0,0.848877699,0.16977554,27.84318852,1.188428778,16.6380029
인천,미추홀구,0.3435,1854,0.512727062,8614,24.2,33180,1,10,4,0.135906186,0.147993019,0.197415713,0.000224575382,0.00233793296,48,14408.60625,2.8125,1998.425532,11.82254362,2.955635905,0.492605984,0,0.246302992,0,0,45.31975054,3.201938897,51.23102235,0.738908976,0,0.492605984,0.246302992,30.54157102,1.724120945,21.18205732
인천,강화군,0.6697,2452,0.174769941,906,21.6,32994,3,3,4,0.40478981,0.698747528,0.132938706,0.000799755711,0.010744286,4,53626.5,6.75,1994.25,18.62384138,1.432603183,1.432603183,0,18.62384138,18.62384138,0,32.94987321,5.730412733,30.08466685,1.432603183,0,1.432603183,0,20.05644457,0,21.48904775
인천,옹진군,0.9803,4538,0.385744616,365,17.4,33155,,,,0,0,0.0139729493,0.00158478605,0.0286225403,,,,,33.95915199,4.851307427,0,0,38.81045942,53.3643817,0,9.702614855,0,14.55392228,0,0,0,0,14.55392228,0,4.851307427
광주,동구,0.6127,3255,0.544671744,2316,20.9,36842,8,4,5,0.392494454,0.385969171,0.524497478,0.000375982254,0.00404162878,48,6470.15625,0.333333333,2004.3125,79.3133728,4.721034095,0.944206819,0,0,0,1.888413638,90.64385463,7.553654552,112.3606115,2.832620457,0,0.944206819,0.944206819,56.65240914,6.609447733,29.27041139
광주,서구,0.314,3649,0.319812327,4647,21.3,38093,,,,0,0,0.483819469,0.00037738536,0.0031665422,86,14094.62558,9.534883721,1994.22093,22.61648359,6.958918027,0.347945901,0,0,0.347945901,0,50.4521557,3.131513112,91.16182616,0.347945901,0,1.739729507,2.783567211,48.71242619,5.219188521,27.48772621
광주,남구,0.5694,1509,0.339799591,3534,26.5,38115,4,5,1,0.267962305,0.277015549,0.632115627,0.000476479251,0.00351849877,,,,,23.07196098,5.179419811,0.470856346,0,0,0.941712693,0,49.91077272,3.766850771,66.39074485,0.470856346,0,1.883425386,0,48.49820368,7.533701543,21.18853559
광주,북구,0.4756,2472,0.462073052,8423,23.8,35534,2,7,6,0.22961391,0.222122437,0.443815351,0.000450120307,0.00383218635,115,27337.36783,0,1992.26087,18.13014619,5.415498214,0.235456444,0,0,0,0,44.97218082,4.238215994,63.10232702,0.470912888,0,1.412738665,0.470912888,42.14670349,6.35732399,18.36560264
광주,광산구,0.4507,3320,0.568648092,8788,21.2,36449,,,,0.141447564,0.11857818,0.466219298,0.000444599137,0.00293147059,219,18406.1832,2.04109589,2001.105023,34.19409266,4.243062593,0.249591917,0,0.249591917,1.747143421,0,37.93797142,3.993470675,52.1647107,0.499183834,0,1.747143421,0.748775752,36.44041991,4.742246427,16.72265845
대전,동구,0.156,1596,0.398494475,3965,24.5,31680,,,,0.3869783,0.330853665,0.256991428,0.000366064437,0.0036036858,51,11127.4098,7.666666667,1996.313725,7.736028505,1.365181501,0.4550605,0,0.4550605,0.4550605,0,52.33195753,5.915786504,72.80968005,0.4550605,0,0.4550605,0.4550605,32.30929552,0.4550605,35.94977952
대전,중구,0.2935,2199,0.30649019,3622,19.6,34935,,,,0.062388615,0.0657731447,0.323259856,0.000421335724,0.00398271333,51,7084.841176,0,,36.10616975,1.32095743,0.440319143,0,0.440319143,0.440319143,0.440319143,62.08499921,5.28382972,73.09297779,0.880638287,0.440319143,0.880638287,0.440319143,37.42712718,0.880638287,34.78521232
대전,서구,0.5377,2681,0.478092837,9331,20.7,37538,3,5,1,0.150826469,0.139114914,0.464432372,0.000359758225,0.00292991157,112,64490.22411,3.4375,1991.6875,17.85812991,4.464532478,0.212596785,0,0.425193569,0.212596785,0.212596785,53.99958331,1.913371062,92.26700455,0.425193569,0,0.425193569,0.212596785,48.04687334,1.913371062,35.92885661
대전,유성구,0.9046,4155,0.619721929,8691,20.2,42261,2,8,7,0.338914997,0.305426605,0.436213165,0.000419348468,0.00311908882,158,15957.33544,0,,8.705590955,3.650731691,0.280825515,0,0.561651029,0.842476544,0,39.59639757,2.527429632,60.09666014,0.280825515,0,0.280825515,0.842476544,27.80172595,0.561651029,30.89080662
대전,대덕구,0.1461,4415,0.435917711,3270,28.6,34183,,,,0.163811508,0.165031917,0.287469047,0.000406030435,0.00413173653,83,11808.15181,3.722891566,1992.39759,6.367730657,2.315538421,0.578884605,0,0,0.578884605,0,49.20519144,1.736653815,59.62511433,0.578884605,0,1.15776921,0.578884605,28.94423026,0,26.62869184
울산,중구,0.3973,2252,0.308059044,3377,20.6,39241,1,2,2,0.0670651383,0.0845699697,0.428938412,0.000361370897,0.00310302027,114,27104.9386,2.710526316,1999.627273,21.62089443,1.921857283,0.480464321,0,0,0,0,38.91760998,2.402321604,49.96828935,0,0,0.960928641,0,30.74971653,0,21.14043011
울산,남구,0.4764,8375,0.477011417,6160,27.3,41011,,,,0.0912735702,0.0978085352,0.669507724,0.000344270196,0.00299563493,111,80161.1982,2,1994.720721,22.21235007,5.794526104,0.321918117,0,0.321918117,0,0,48.93155377,4.506853637,86.27405533,0.643836234,0,0.965754351,0.643836234,54.40416176,1.287672468,34.44523851
울산,동구,0.3986,4917,0.39425767,2767,26.3,37953,,,,0.183851006,0.227810015,0.360287023,0.000383053198,0.00278137438,67,70054.28358,0,2006.597015,24.38847546,0,0.659147985,0,0,0,0.659147985,45.48121099,1.977443956,56.02757875,0,0,0,0.659147985,29.66165934,0,23.07017949
울산,북구,0.534,6079,0.770134497,5857,19.1,42111,,,,0,0,0.462885478,0.000428850082,0.0028001927,75,8572.373333,5.466666667,2012.413333,13.71930306,1.371930306,0.457310102,0,0,0.914620204,0,24.69474551,2.28655051,33.84094755,0,0,0.914620204,0.457310102,23.7801253,0.457310102,16.00585357
울산,울주군,0.5536,8013,0.482843431,4454,23.8,37753,,,,0.127080746,0.14002642,0.379031016,0.000479329487,0.00408242613,98,2005.02449,0,1995.673469,5.417313735,2.257214056,0.451442811,0,3.160099679,4.062985301,0,28.44089711,3.61154249,36.1154249,1.805771245,0,0.451442811,0,20.76636932,0,20.76636932
경기,수원시,0.509,2716,0.58578539,27194,21.6,39288,2,27,7,0.0814194545,0.0769749468,0.434174725,0.0003192189,0.00273079508,331,21369.51903,1.951661631,,67.37616295,10.85803918,1.438467443,0,0,0,0.79666564,187.9774798,6.713297807,283.5997268,1.530638615,0,1.680169489,0.79666564,162.9335323,4.336982277,128.7981234
경기,성남시,0.7403,5171,0.491047699,18812,16.5,41487,3,18,3,0.0759255522,0.0818747779,0.515943875,0.000301107881,0.00269210511,204,54352.29461,3.769607843,1996.583333,53.48729293,5.214876568,1.11662434,0,0.207661462,0,0.207661462,153.0816614,5.274601743,268.7134781,0.433914779,0,1.965862043,1.947270188,147.8228982,1.965862043,108.5301536
경기,의정부시,0.1031,1610,0.548189579,10066,23.7,34713,,,,0.0906447881,0.0935679397,0.361634907,0.000293055878,0.002704652,107,21026.06075,6.429906542,,30.62166289,2.587746159,0.215645513,0,0,0,0,42.69781163,1.725164106,60.59638923,0.862582053,0,1.078227566,0.215645513,33.85634558,1.509518593,21.1332603
경기,안양시,0.6081,3296,0.562048856,12151,18.2,39395,,,,0.126996104,0.134180612,0.470079436,0.000291968139,0.00267370743,150,13039.02,0,1995.24,27.76435842,4.039662067,0.745271871,0,0,0,0.31863979,94.29352832,2.559792486,138.0925315,0.31863979,0.637279581,0.853264162,0.31863979,91.6097323,2.765102905,62.66813285
경기,부천시,0.2592,2207,0.509365767,16208,18.9,35151.66667,,,,0.0719612144,0.079018972,0.388361672,0.000319249724,0.00315667054,192,15209.03802,1.817708333,1996.375,16.70615394,2.278111901,0.379685317,0,0,0,0.126561772,46.95441751,2.278111901,66.31836867,0.632808861,0.126561772,0.632808861,0.506247089,36.70291396,1.64530304,26.57797218
경기,광명시,0.5261,2803,0.509523366,5828,15.5,38621,,,,0,0,0.457153608,0.000327160427,0.00268436578,86,39506.17442,0.38372093,1995.223529,14.93340742,1.736442723,0.347288545,0,0,0,0,42.716491,1.389154179,75.70890274,0,0,0.694577089,0,40.63275973,0.347288545,30.56139193
경기,평택시,0.1617,5351,0.829894233,16888,23.9,37442,,,,0.0936177511,0.102631133,0.297505007,0.000393467763,0.00317369899,538,19004.36413,7.843866171,2005.987069,17.97662693,2.074226184,0.345704364,0,1.555669638,1.901374002,0,39.23744531,1.555669638,47.18864569,0,0.172852182,0.691408728,0,29.38487094,0.86426091,17.97662693
경기,동두천시,0.0158,1890,0.462897114,1735,32.4,32066,,,,0.478197684,0.530796194,0.193286654,0.000446627959,0.00427631579,40,91242.8,0,,7.646429118,1.092347017,1.092347017,0,0,0,0,38.23214559,7.646429118,45.87857471,1.092347017,0,0,0,28.40102244,0,18.56989929
경기,안산시,0.1039,3437,0.537560323,13498,22.3,34023,5,15,6,0.0891111865,0.0806175609,0.274599121,0.000313706409,0.00301186305,213,29006.64038,3.159624413,1997.253521,37.57834798,5.201009023,0.626842513,0,0.963547384,0.673409743,0.336704871,87.62188028,5.107874562,112.5022078,0.916980154,0,1.253685025,1.346819486,61.7458026,4.771169691,45.26162835
경기,고양시,0.4211,2084,0.507271197,22401,18.9,40239.33333,2,21,10,0.0519457885,0.0544644119,0.477210083,0.000309758705,0.0027300162,253,27402.20672,2.56916996,1996.857708,58.21361475,6.189810646,0.886185213,0,0,0,0,127.0821066,8.553701205,173.5138904,1.625230917,0,2.103326155,1.772370426,93.50963023,1.427928852,76.478976
경기,과천시,0.9464,5910,0.639572583,2041,9,50129,2,3,4,0,0,0.414777194,0.000234929286,0.00174703005,19,16614,5.894736842,2002.526316,0,0,1.279803422,0,0,0,0,31.99508555,0,51.19213689,0,0,0,1.279803422,28.15567529,0,19.19705133
경기,구리시,0.3452,1875,0.429933391,3561,16.3,37743,,,,0,0,0.481980767,0.000321874598,0.00291219725,61,14963.21803,2.06557377,1997.47541,14.83828915,4.239511184,0.529938898,0,0.529938898,0,0,48.75437862,2.119755592,80.0207736,0.529938898,0,0.529938898,0,51.40407311,1.059877796,34.44602837
경기,오산시,0.1828,2303,0.625077083,5621,22.8,37281,1,7,2,0.117064904,0.122408915,0.312171395,0.000378472485,0.00272043043,118,19246.50847,0.923728814,2005.627119,13.05204721,3.480545924,0.43506824,0,0,0,0,36.5457322,2.175341202,43.0717558,0.43506824,0,0.870136481,0.43506824,31.75998155,0.43506824,17.40272962
경기,시흥시,0.2386,3006,0.753751393,13803,22.6,35664,1,12,2,0.0805536961,0.0840313929,0.378860389,0.000331808685,0.00254882784,141,30143.41135,1.645390071,1997.992126,12.47777397,0.779860873,0.194965218,0,0.194965218,0.779860873,0,33.53401753,2.534547837,51.86074804,0,0,0.584895655,0.194965218,29.43974795,2.924478273,13.64756527
경기,군포시,0.7367,2709,0.580534417,5843,15.9,37845,,,,0.0538429997,0.0546617162,0.414867321,0.000344282017,0.00315860454,122,11929.66557,0,1997.704918,15.40120129,1.502556224,0.375639056,0,0.375639056,0,0,39.06646182,1.502556224,51.83818972,0.375639056,0,0.751278112,0.751278112,35.68571031,0,26.29473392
경기,의왕시,0.6721,2525,0.609943464,3617,13.8,40673,1,5,2,0.179218304,0.195301704,0.305851138,0.000296145601,0.00271707029,78,27711.07949,1.705128205,2007.525641,0,0.62413791,0.62413791,0,0.62413791,0,0,28.71034384,2.496551638,40.56896412,1.248275819,0.62413791,0,0.62413791,31.20689548,0,17.47586147
경기,하남시,0.7569,2380,0.745920945,8727,14,42052,,,,0,0,0.420831685,0.00026363876,0.00194805195,74,29249.7027,0,2007.586207,0,2.146850723,0.30669296,0,0.30669296,0,0,33.42953269,1.840157763,63.48544282,0,0,0,0,30.36260309,0.920078881,23.61535796
경기,용인시,0.7721,3131,0.473287147,21789,14.9,42433.33333,5,19,14,0.115620847,0.109263332,0.447439203,0.000322117373,0.00231918343,279,26456.52688,0,2001.55914,30.69298019,4.622171877,0.878796761,0,2.314029188,3.156076864,0,102.5223572,4.619378322,140.7252674,0.842047676,0,1.227719208,0.878796761,94.6761974,1.94903251,60.42757862
경기,파주시,0.3401,4277,0.663966062,12454,22.8,37453,7,19,13,0.0822840759,0.092040521,0.323605493,0.000388200288,0.00289102169,173,23929.41445,1.011560694,,10.90215318,2.422700706,0.201891725,0,1.211350353,1.413242078,0,29.67808364,3.634051058,39.16699474,0.201891725,0,0.403783451,0.403783451,25.84214086,0.403783451,16.95890494
경기,이천시,0.6505,10907,0.582913975,5054,21.5,37890,2,5,3,0.124801843,0.126182965,0.373183549,0.000466250628,0.00381637371,36,56266.77778,2.611111111,1993.705882,10.77581369,1.795968948,0.448992237,0,2.693953422,6.734883554,0,41.3072858,2.693953422,48.94015382,0.448992237,0,0.448992237,0.448992237,25.5925575,0,20.20465066
경기,안성시,0.123,4678,0.48444677,3917,30.7,34648,1,6,4,0.361919051,0.376447191,0.257653209,0.000535640923,0.00482887951,54,16306.74074,0,2001.666667,14.82721005,1.059086432,0.529543216,0,4.765888944,7.94314824,0,43.95208693,3.706802512,43.42254371,0.529543216,0,1.059086432,0.529543216,27.53624723,0,14.29766683
경기,김포시,0.4879,2925,0.687316259,12194,18.3,38974,2,8,4,0.0572643419,0.0698080279,0.487251973,0.000376444064,0.0025326967,189,28872.65079,1.71957672,2005.677249,8.672901519,3.097464828,0.206497655,0,1.238985931,1.445483587,0,32.00713656,1.238985931,48.73344663,0.619492966,0,0.41299531,0,32.00713656,1.858478897,20.23677021
경기,화성시,0.616,8790,0.796700465,26424,18.4,42628,2,19,4,0.116414899,0.131036081,0.469194579,0.000379507435,0.00245021937,592,12397.69865,0.369932432,,9.442103437,1.537086606,0.329375701,0,1.317502805,1.317502805,0,29.97318882,1.097919004,45.45384678,0.439167602,0,0.329375701,0.1097919,26.459848,0.768543303,17.23732837
경기,광주시,0.2806,2566,0.693192283,9941,24.6,36422,2,8,5,0.141249835,0.172350717,0.278623542,0.000263849565,0.00223675155,57,13989.94912,2.192982456,2008.242424,5.109052731,0.510905273,0.255452637,0,0.76635791,2.809979002,0,27.84433738,1.532715819,38.06244284,0,0,0.255452637,0.255452637,21.96892674,0.255452637,16.85987401
경기,양주시,0.1382,2818,0.402450239,5211,22.4,34052,3,8,2,0.147960597,0.164664457,0.261408564,0.000372056765,0.00293862472,99,20505.25253,4.888888889,2003.015873,32.45259456,8.215846725,1.232377009,0,3.28633869,1.643169345,0,138.4370173,11.50218542,180.3378356,2.053961681,0,0.821584673,0,108.0383844,2.053961681,72.71024352
경기,포천시,0.1591,4408,0.433796427,2728,21.8,32488,,,,0.195854645,0.231390526,0.140898341,0.000548774053,0.00634197902,45,40559.48667,1.644444444,2000.177778,37.49122365,1.363317223,0.681658612,0,8.861561953,6.134927506,0,39.53619948,2.726634447,42.26283393,0.681658612,0,1.363317223,0,27.26634447,0,13.63317223
경기,여주시,0.2904,3760,0.342858043,1959,24.1,34498,4,7,8,0.121354712,0.153645456,0.200611813,0.000706214689,0.00720384205,22,15913.08636,4,,25.6296951,1.767565179,0.883782589,0,7.954043305,11.48917366,0,39.77021653,4.418912947,45.07291206,1.767565179,0,0,0,29.16482545,0.883782589,22.97834733
경기,연천군,0.7871,4281,0.394378224,750,21.4,33782,,,,0,0,0.118755117,0.000852930425,0.0103183962,17,35628.23529,0,2007.647059,23.77442823,0,0,2.377442823,16.64209976,16.64209976,0,52.3037421,2.377442823,28.52931387,0,0,0,0,26.15187105,0,16.64209976
경기,가평군,0.0473,3073,0.278380923,973,38.4,33747,,,,0,0,0.190912765,0.000672591881,0.00819992191,15,34111.63333,8,2005.333333,9.654062751,3.218020917,1.609010459,0,8.045052293,24.13515688,0,38.61625101,8.045052293,40.22526146,1.609010459,0,0,0,30.57119871,0,22.52614642
경기,양평군,0.8345,1795,0.197960024,1737,14.5,36421,4,6,7,0.109884896,0.164366568,0.243981862,0.000544731108,0.00564140299,37,18577.67568,1.432432432,2009.081081,8.992585205,1.635015492,0.817507746,0,8.175077459,13.89763168,0,35.97034082,6.540061967,36.78784856,0,0,0,0,23.70772463,0.817507746,24.52523238
강원,춘천시,0.7609,2775,0.501498406,5946,25.6,35519,4,10,13,0.291667336,0.269468689,0.347384199,0.000429572767,0.00382236863,139,52048.21583,0,2001.539568,27.90723635,1.046521363,0.348840454,0,3.488404543,4.534925906,0,45.00041861,2.790723635,59.30287724,1.744202272,0,0.697680909,0,29.65143862,0.348840454,22.67462953
강원,원주시,0.4546,2506,0.599381461,8332,22.3,36123,2,5,9,0.26943134,0.291942084,0.376353495,0.000453512231,0.00380943532,93,11624.17204,3.193548387,1996.741935,13.85782427,4.988816736,0.277156485,0,2.494408368,2.217251883,0.277156485,50.16532384,1.662938912,59.31148786,0.554312971,0,0.277156485,0.277156485,28.54711799,1.108625941,29.93290041
강원,강릉시,0.7219,2832,0.416651268,3914,21.1,34899,3,4,17,0.33418567,0.376929095,0.451130697,0.000475387873,0.00480372653,86,13823.42791,0,1998.903226,33.11555911,0.473079416,0.473079416,0,3.311555911,4.257714743,0.473079416,42.10406801,0.946158832,56.7695299,0.946158832,0,1.419238248,0.473079416,28.38476495,0.473079416,27.91168553
강원,동해시,0.293,3651,0.443522608,1706,20.6,35137,1,3,1,0,0,0.316795654,0.000489459546,0.0043,5,8255,0,1990,21.24661731,1.118243017,1.118243017,0,1.118243017,0,0,43.61147765,3.35472905,54.79390781,0,0,2.236486033,0,29.07431843,0,20.1283743
강원,태백시,0.8928,2622,0.231843837,553,24.3,34324,,,,0.364971026,0.494402985,0.182272449,0.000865301413,0.00836501901,21,129659.619,2.714285714,1999.619048,25.36268642,2.536268642,2.536268642,0,2.536268642,2.536268642,0,48.18910419,0,55.79791011,0,0,2.536268642,0,25.36268642,0,17.75388049
강원,속초시,0.3815,2285,0.533810586,1752,23.9,34483,1,3,2,0,0,0.267846186,0.000343878955,0.00330617546,32,19104.8125,5.53125,1993.34375,36.22925875,0,1.207641958,0,0,0,0,44.68275246,2.415283917,76.08144337,0,0,2.415283917,1.207641958,39.85218462,0,27.77576504
강원,삼척시,0.3434,4054,0.351424997,1077,38.1,33598,,,,0.223309803,0.203104043,0.196265705,0.000834269212,0.00945454545,23,19173.73913,3.52173913,1990.043478,45.70167835,1.575919943,1.575919943,0,12.60735955,9.45551966,0,37.82207864,1.575919943,36.2461587,0,0,1.575919943,0,18.91103932,0,14.18327949
강원,홍천군,0.8491,3722,0.303485085,1086,25.9,33657,,,,0,0,0.175740047,0.0010568307,0.0127171771,27,14108.66667,12.51851852,2008.703704,29.42171617,2.942171617,1.471085808,0,11.76868647,26.47954455,0,39.71931683,2.942171617,42.66148844,0,0,1.471085808,0,26.47954455,0,19.12411551
강원,횡성군,0.7133,3909,0.160694209,595,22,33069,,,,0.601066632,0.929416922,0.139135987,0.00103640368,0.0123140072,31,7049.096774,1.387096774,,21.49058712,2.149058712,2.149058712,0,17.1924697,17.1924697,0,36.53399811,2.149058712,25.78870455,0,0,0,0,17.1924697,0,25.78870455
강원,영월군,0.4233,3649,0.152390118,469,37.4,33197,2,2,21,0.375547042,0.519098923,0.184090388,0.00116018671,0.0144586416,20,35738.9,0,1998.15,26.50551315,2.650551315,2.650551315,0,18.5538592,13.25275657,0,45.05937235,2.650551315,26.50551315,0,0,2.650551315,0,15.90330789,0,13.25275657
강원,평창군,0.4107,3633,0.211239228,568,28,33570,,,,0,0,0.109174011,0.00113555012,0.0154155496,24,38840.58333,1.458333333,1999.333333,12.1980971,0,0,2.439619419,14.63771652,36.59429129,0,39.03391071,4.879238839,34.15467187,0,0,0,0,29.27543303,0,24.39619419
강원,정선군,0.7114,3801,0.24899333,503,20.2,33454,1,2,5,0,0,0.117547386,0.00148099879,0.0195083886,35,12261.27143,0,2004.685714,31.490653,5.725573273,2.862786637,0,20.03950646,31.490653,0,34.35343964,0,20.03950646,0,0,0,0,14.31393318,0,14.31393318
강원,철원군,0.7473,4874,0.626995005,966,33.1,34333,,,,0,0,0.2483551,0.00090708507,0.00928481807,22,14193.68182,0,2000.227273,14.19916698,2.36652783,2.36652783,0,9.466111321,16.56569481,0,47.33055661,2.36652783,37.86444529,0,0,0,0,18.93222264,0,23.6652783
강원,화천군,0.1183,6494,0.761288388,617,34.4,33395,,,,0,0,0.150172643,0.00152041703,0.01657982,12,32978.16667,0.916666667,2002.166667,47.03266632,0,0,4.275696939,17.10278775,25.65418163,0,34.20557551,0,29.92987857,0,0,0,0,25.65418163,0,21.37848469
강원,양구군,0.9673,4881,0.652427724,506,19.2,34571,1,1,5,0,0,0.153546994,0.00139115418,0.0123984609,6,33955,0,2007.5,37.4128981,14.02983679,4.676612262,0,18.70644905,14.02983679,0,37.4128981,0,23.38306131,0,0,0,0,23.38306131,0,14.02983679
강원,인제군,0.8607,5557,0.811199924,887,30.8,34366,2,2,6,0,0,0.160751305,0.00116641972,0.0126409293,15,10206.46667,2.933333333,1992.4,15.52505744,3.105011489,3.105011489,0,15.52505744,15.52505744,0,37.26013786,3.105011489,12.42004595,0,0,0,0,18.63006893,0,18.63006893
강원,고성군,0.8228,4758,0.326050538,453,24.8,31709,3,3,5,0.51279888,0.724043716,0.0724620314,0.00121578307,0.0168367347,29,9285.931034,3.034482759,1999.2,0,0,3.666495564,0,10.99948669,32.99846007,0,32.99846007,0,21.99897338,0,0,0,0,18.33247782,0,21.99897338
강원,양양군,0.6788,4009,0.275635976,428,25.4,33169,1,1,1,0,0,0.143724714,0.00126898952,0.017369727,8,15965.875,4.125,1994,0,0,3.588602598,0,17.94301299,17.94301299,0,43.06323118,0,21.53161559,0,0,0,0,14.35441039,0,10.76580779
충북,충주시,0.5397,3605,0.453182917,4073,22.1,34462,2,7,5,0.134257714,0.157644259,0.324338663,0.000540159926,0.0051129879,119,25264.44118,2.260504202,2001.218487,17.7648036,1.440389481,0.480129827,0,6.241687752,7.682077234,0,40.8110353,2.880778963,59.05596873,0.480129827,0,0.960259654,0.480129827,24.48662118,0.960259654,23.52636153
충북,제천시,0.1741,2442,0.329258244,2169,26.7,34408,,,,0.322732156,0.320241692,0.281323102,0.000587394211,0.00580064112,66,8769.16947,5.863636364,1995.045455,35.88114942,0.763428711,0.763428711,0,6.107429688,8.397715821,0,41.2251504,3.817143555,62.6011543,0.763428711,0,1.526857422,0,34.354292,0.763428711,27.4834336
충북,보은군,0.7442,3810,0.0756052215,334,15,32633,,,,0,0,0.126524211,0.0013017867,0.0180668473,6,2105.333333,3,2015,31.7914481,3.17914481,3.17914481,0,25.43315848,47.68717215,0,50.86631696,9.53743443,44.50802734,3.17914481,0,0,0,19.07486886,0,25.43315848
충북,옥천군,0.2521,2983,0.145302473,606,23.8,32381,,,,0.28686342,0.402429765,0.109420987,0.000783166052,0.00903471232,9,17593.11111,2.777777778,1997.444444,28.27140549,0,2.019386107,0,16.15508885,32.31017771,0,38.36833603,6.05815832,54.52342488,2.019386107,0,2.019386107,0,24.23263328,0,26.25201939
충북,영동군,0.6728,2578,0.103106483,504,21.9,33078,,,,0.635682316,0.943060498,0.173235257,0.000890573621,0.0116557083,3,100983.3333,4.666666667,,22.24397188,2.224397188,2.224397188,0,22.24397188,37.8147522,0,53.38553252,4.448794377,53.38553252,2.224397188,0,0,0,17.79517751,0,28.91716345
충북,진천군,0.1609,8518,0.663257509,2128,28.4,35620,1,4,1,0.160413281,0.210819411,0.226711203,0.000530143254,0.00421670181,36,23364.82222,9.222222222,2005.388889,18.57290445,1.160806528,1.160806528,0,6.96483917,8.125645699,0,42.94984155,1.160806528,46.43226114,1.160806528,0,1.160806528,0,26.69855015,0,17.41209793
충북,괴산군,0.7749,3962,0.135995144,443,17,32008,,,,0.385618507,0.792227205,0.0527496592,0.00108048206,0.0186424474,24,25697,0.291666667,2007.541667,24.28822021,5.39738227,2.698691135,0,32.38429362,45.87774929,0,26.98691135,0,24.28822021,2.698691135,0,0,0,13.49345567,0,13.49345567
충북,음성군,0.2534,8077,0.380573454,1620,26,33332,,,,0.462837096,0.652173913,0.150347111,0.000665048382,0.00694444444,38,25457.55263,1.684210526,2002.394737,10.86271698,2.172543397,1.086271698,0,8.690173586,20.63916227,0,42.36459623,2.172543397,48.88222642,2.172543397,0,0,0,28.24306416,0,21.72543397
충북,단양군,0.137,4404,0.162757187,355,14.4,32800,,,,0,0,0.0879330565,0.00112604432,0.0159137577,25,28465.056,1.72,2010,36.01397342,0,0,3.601397342,25.2097814,54.02096013,0,36.01397342,3.601397342,25.2097814,0,0,0,0,21.60838405,0,14.40558937
충북,증평군,0.5093,3143,0.634149899,888,32.5,34978,,,,0,0,0.261940119,0.000402846784,0.00346420323,30,8534.633333,1.5,2004.666667,0,0,2.683699211,0,2.683699211,2.683699211,0,61.72508185,2.683699211,53.67398422,0,0,0,0,29.52069132,0,24.1532929
충남,천안시,0.3811,3796,0.662960418,16146,28.4,37400,2,12,9,0.253633129,0.236527948,0.386166862,0.000378110873,0.00292147223,190,19735.96684,1.363157895,1998.868421,40.89154316,6.29206053,0.639975064,0,4.124557772,6.044482964,0.391164379,89.41579232,5.759775575,102.993923,0.888785749,0,1.031139443,2.417546562,57.98522078,1.990485479,50.20029614
충남,공주시,0.7134,3549,0.1980582,1398,24.1,33394,1,4,11,0.273107034,0.261534666,0.183318956,0.000843716276,0.00941021994,21,13577.42857,2.666666667,1999.428571,14.62401653,0,0.974934436,0,9.749344357,18.52375428,0,53.62139396,7.799475485,61.42086945,2.924803307,0,0.974934436,0,26.32322976,0.974934436,31.19790194
충남,보령시,0.6059,4342,0.323387481,1571,25.6,34062,1,5,2,0.147318008,0.20894934,0.260167856,0.00086789018,0.00905277103,36,3719.269444,6.361111111,1997.722222,26.76080982,2.058523833,1.029261916,0,10.29261916,17.49745258,0,48.37531007,2.058523833,53.52161965,1.029261916,0,1.029261916,0,25.73154791,0,28.81933366
충남,아산시,0.4038,8239,0.636117178,8421,24.1,38842,1,6,8,0.19747154,0.22045672,0.268915887,0.000419943932,0.002929127,,,,,8.668645509,2.092431675,0.298918811,0,3.288106917,4.782700971,0,34.07674442,2.092431675,42.1475523,0.597837621,0,0.298918811,0.298918811,25.1091801,0.298918811,17.03837221
충남,서산시,0.3056,8904,0.605881693,4070,27.2,38459,1,5,1,0.0793126831,0.0994651403,0.289920869,0.000541329048,0.0043997777,89,176252.7438,0,,18.70610443,0,0.566851649,0,5.668516493,8.502774739,0,38.54591215,0.566851649,46.48183524,0,0,1.133703299,0,28.90943411,0,19.27295607
충남,논산시,0.6694,3799,0.276222692,1696,23.3,32910,,,,0.382397868,0.520884521,0.200621247,0.000815040706,0.00838515169,52,9746.576923,0,2001.096154,26.63896215,1.77593081,0.887965405,0,11.54355026,23.08710053,0,62.15757834,8.879654049,64.82147456,0.887965405,0,0.887965405,0,27.52692755,0,31.96675458
충남,계룡시,0.9917,4054,0.307511126,759,13.4,40195,,,,0,0,0.333046494,0.000385579333,0.00235787267,25,22745,4.08,2001.64,0,2.248454188,2.248454188,0,4.496908375,0,0,35.975267,2.248454188,44.96908375,0,0,0,0,31.47835863,0,24.73299607
충남,당진시,0.3596,6854,0.566866553,3804,29,38259,2,4,4,0.244624686,0.344081368,0.263462225,0.000533108373,0.00421393841,147,15979.42857,0,2007.727891,11.88686086,2.377372172,0.594343043,0,6.537773472,11.29251782,0,41.604013,1.188686086,46.35875735,0,0,0.594343043,0.594343043,25.55675085,0,18.42463433
충남,금산군,0.4792,4504,0.0982632116,569,27.4,32459,,,,0.278779442,0.407849173,0.0994664632,0.000901297869,0.00966910185,7,23411.71429,2.714285714,1988,15.97061407,1.996326759,1.996326759,0,17.96694083,17.96694083,0,67.8751098,3.992653518,67.8751098,0,0,0,0,21.95959435,0,31.94122814
충남,부여군,0.4139,3221,0.0522239693,620,42.6,32148,,,,0.231830977,0.360666894,0.119788135,0.00109928546,0.0140246494,30,24264.52333,1.733333333,2010,17.64432254,1.604029322,1.604029322,0,24.06043982,33.68461575,0,52.93296761,4.812087965,49.72490897,3.208058643,0,0,0,28.87252779,0,20.85238118
충남,서천군,0.9854,4630,0.0805942303,534,31.3,32157,,,,0,0,0.166376439,0.00106978275,0.0146396396,22,33923.54545,0.5,2003,10.00720519,2.001441038,2.001441038,0,20.01441038,34.02449764,0,56.04034905,8.00576415,52.03746698,2.001441038,0,0,0,24.01729245,0,26.01873349
충남,청양군,0.4972,4195,0.0741305874,323,16.7,32730,,,,0.46693616,0.575774036,0.0586290948,0.00103995438,0.0146780303,13,7617.538462,1.538461538,1999.461538,19.8242252,0,0,3.304037534,29.7363378,42.95248794,0,42.95248794,6.608075068,33.04037534,0,0,0,0,23.12826274,0,23.12826274
충남,홍성군,0.6116,3500,0.389873401,1790,37.4,35321,1,3,3,0.423921585,0.530796194,0.279922557,0.000659891778,0.00558467222,80,18683.16625,0.7875,2006.8875,22.43341355,0,1.019700616,0,10.19700616,14.27580862,0,44.8668271,3.059101848,49.96533018,2.039401232,0,1.019700616,0,27.53191663,1.019700616,21.41371293
충남,예산군,0.5722,4596,0.185736729,1052,26.1,33823,1,3,7,0.1776775,0.276473657,0.166972527,0.000855268197,0.0102477822,55,19504.86182,1.054545455,2004.236364,28.42928216,2.584480196,1.292240098,0,15.50688118,20.67584157,0,47.81288363,0,47.81288363,0,0,1.292240098,0,29.72152226,0,25.84480196
충남,태안군,0.3065,4743,0.255836168,911,29.6,33472,,,,0.230064463,0.379792189,0.126349154,0.000842975207,0.0108349267,6,1922.5,2.833333333,1999.333333,17.93429526,0,0,1.630390479,9.782342871,26.08624766,0,48.91171436,1.630390479,45.6509334,0,0,0,1.630390479,21.19507622,1.630390479,19.56468574
전북,전주시,0.6024,2351,0.443182037,12403,20,36786.5,5,14,9,0.152484804,0.138813537,0.617739125,0.000408473717,0.00314332856,249,88114.71325,3.289156627,1996.746988,50.47082032,7.581498753,0.614242157,0,0,0.92779845,0.313556293,114.2665777,9.815004087,152.886611,0,0,1.228484314,0.614242157,85.44867801,6.756663729,62.70884776
전북,군산시,0.5116,3512,0.375209235,4611,23.9,35266,2,8,3,0.215308699,0.245469808,0.35441158,0.000603283253,0.00496198989,147,40734.52381,2.102040816,1996.428571,20.19301474,2.667001947,0.381000278,0,5.334003894,6.858005006,0,49.14903588,3.429002503,59.81704367,0,0,0.762000556,0,29.33702142,0.762000556,26.67001947
전북,익산시,0.3869,2968,0.251340882,4006,19.9,34243,2,9,9,0.259778872,0.256211931,0.352776482,0.000675627755,0.00605169013,104,55049.1,1.355769231,1993.961538,27.03719807,2.192205249,0.365367541,0,5.115145581,9.134188537,0.365367541,55.5358663,2.922940332,62.47784959,0,0,0.365367541,0.365367541,32.51771119,2.192205249,26.67183053
전북,정읍시,0.1245,3134,0.210784208,1439,26.4,33392,1,5,4,0.1355231,0.174055829,0.323112843,0.00102234555,0.0104042806,15,5304.4,4,1997.2,19.98458332,3.806587299,0.951646825,0,14.27470237,24.74281745,0,57.09880949,3.806587299,67.56692456,0.951646825,0,0.951646825,0,31.40434522,0.951646825,25.69446427
전북,남원시,0.783,2368,0.210243837,1063,30.2,33478,2,4,1,0,0,0.256410875,0.00102716726,0.0102848101,14,4617.642857,10.78571429,1992,26.94103761,1.282906553,1.282906553,0,19.2435983,32.07266383,0,50.03335557,5.131626212,69.27695387,1.282906553,0,1.282906553,0,26.94103761,0,23.09231796
전북,김제시,0.598,3946,0.170956386,1059,16.8,32351,1,5,2,0.171989027,0.245427182,0.176117498,0.00121093798,0.0145013318,,,,,28.23644957,4.910686882,1.227671721,0,17.18740409,30.69179301,0,50.33454054,3.683015162,60.15591431,6.138358603,0,0,0,22.09809097,1.227671721,22.09809097
전북,완주군,0.9652,5046,0.331524181,1664,25.5,35333,2,6,4,0.421997979,0.550363448,0.297273047,0.00088933805,0.00811508668,65,27140.99338,4.092307692,2006.515625,0,2.16398693,1.081993465,0,12.98392158,15.14790851,0,42.19774513,5.409967324,51.93568631,3.245980394,0,0,0,17.31189544,0,27.04983662
전북,진안군,0.9947,2959,0.15095928,308,16.8,32365,,,,0,0,0.0706612603,0.00163907556,0.0229095074,6,83563.66667,9.166666667,2001,85.53971487,8.146639511,4.073319756,0,40.73319756,48.87983707,0,36.6598778,0,40.73319756,0,0,0,0,16.29327902,0,20.36659878
전북,무주군,0.0871,3344,0.145896678,289,23.4,32465,1,2,2,0,0,0.17619181,0.00129791468,0.0153374233,11,18653,1.545454545,1996.909091,21.28655967,0,0,4.257311933,21.28655967,38.3158074,0,51.0877432,0,46.83043127,0,0,0,0,21.28655967,0,34.05849547
전북,장수군,0.9946,2762,0.111503769,243,7.3,32552,,,,0,0,0.139388166,0.00139678258,0.0166762507,3,136745.3333,8.333333333,1988,23.43457068,0,0,4.686914136,23.43457068,51.55605549,0,42.18222722,0,32.80839895,0,0,0,0,23.43457068,0,18.74765654
전북,임실군,0.7008,3167,0.248168593,384,12.7,32447,,,,0.539345914,1,0.10739417,0.00158871624,0.0242173656,13,31463.55385,0,2004.692308,18.86223027,3.772446054,0,3.772446054,41.49690659,75.44892108,0,52.81424476,3.772446054,56.58669081,3.772446054,0,0,0,26.40712238,0,37.72446054
전북,순창군,0.8283,3201,0.0909250533,301,18,32782,1,2,2,0,0,0.119735079,0.00149181367,0.0168563,1,16679.4,6,2014,37.41534778,3.741534778,0,3.741534778,37.41534778,63.60609122,0,44.89841733,7.483069555,56.12302166,0,0,0,0,22.44920867,0,26.19074344
전북,고창군,0.5407,3117,0.157084784,654,27.8,33297,,,,0,0,0.201793178,0.00120996858,0.0139986453,15,24774.50667,4.2,2000.466667,19.10657648,1.910657648,1.910657648,0,22.92789178,45.85578356,0,43.94512591,7.642630593,55.4090718,0,0,1.910657648,0,22.92789178,0,19.10657648
전북,부안군,0.3969,3262,0.185744921,652,43.8,32197,2,2,2,0,0,0.172962698,0.00131820148,0.0164821015,15,64237.53333,0,,47.90992933,7.984988222,1.996247056,0,21.95871761,21.95871761,0,57.89116461,3.992494111,45.91368228,0,0,1.996247056,0,29.94370583,1.996247056,29.94370583
전남,목포시,0.307,2024,0.344195849,3630,27,34229,5,5,6,0.196831869,0.198849425,0.352856669,0.000542084622,0.00411449016,95,60440.96842,2.357894737,1996.357895,37.33768479,6.453427,0.460959071,0,0.460959071,0,0,53.47125229,4.609590714,55.77604764,0,0,2.304795357,0.921918143,29.96233964,3.687672572,20.74315821
전남,여수시,0.6723,9597,0.442687309,5230,25.2,37437,1,8,1,0.103258616,0.114538873,0.350980182,0.000623161581,0.00555610676,161,40520.88696,1.757763975,1997.354037,18.56131603,2.547631612,0.363947373,0,4.367368479,10.19052645,0,45.49342165,3.639473732,55.6839481,0,0,1.09184212,0.727894746,29.8436846,1.09184212,19.65315815
전남,순천시,0.5973,2319,0.475052275,5578,18.4,37570,1,9,6,0.201139447,0.199369916,0.380267513,0.000494940408,0.00388950402,153,9605.354902,1.261437908,2001.862745,30.85345684,5.740178017,0.358761126,0,3.228850135,7.892744774,0,44.84514076,2.511327883,49.86779653,0.358761126,0,2.152566756,0,35.15859036,2.152566756,17.57929518
전남,나주시,0.7826,4336,0.57915331,2639,20.3,35945,,,,0.476177281,0.65050629,0.320502183,0.00071842767,0.00620338232,95,19043.98947,1.305263158,2007.936842,22.32602871,0.858693412,0.858693412,0,11.16301436,12.88040118,0,44.65205743,6.010853885,54.09768496,3.434773648,0,1.717386824,0,29.19557601,2.576080236,19.74994848
전남,광양시,0.4098,6839,0.535232614,3310,17.9,38881,,,,0.181240397,0.200719561,0.288458946,0.000585952759,0.00460593654,158,77122.6538,0.892405063,1994.714286,13.14336786,1.971505178,0.657168393,0,5.257347143,9.2003575,0,30.88691446,3.285841964,38.11576678,0,0,1.314336786,0,25.62956732,0.657168393,15.77204143
전남,담양군,0.7329,3559,0.156860216,573,10.5,34596,2,1,5,0.309908044,0.479638009,0.0616997494,0.000912876005,0.0115492958,133,8476.308271,0.172932331,2008.421053,13.10272537,2.183787561,2.183787561,0,24.02166317,24.02166317,0,45.85953878,10.91893781,52.41090147,4.367575122,0,0,0,28.38923829,2.183787561,21.83787561
전남,곡성군,0.0302,4049,0.0141575801,252,8.5,32733,,,,0.521521975,0.814757879,0.0914687843,0.000861778261,0.0125820569,17,34225.58824,0,2007.411765,29.563932,3.6954915,0,3.6954915,29.563932,55.43237251,0,55.43237251,3.6954915,48.0413895,0,0,0,0,33.2594235,0,18.4774575
전남,구례군,0.9492,2573,0.0454012326,245,26.8,32654,,,,0,0,0.129569564,0.00124507159,0.0161030596,1,4040,8,,44.61569661,4.055972419,0,4.055972419,28.39180694,48.67166903,0,44.61569661,8.111944839,40.55972419,0,0,0,0,20.2798621,0,32.44777936
전남,고흥군,0.5679,2737,0.142517192,753,32.7,31203,5,4,3,0,0,0.103151789,0.000973517037,0.0152140278,23,25343.86957,3.173913043,1999.130435,32.32062056,4.848093083,1.616031028,0,25.85649644,42.01680672,0,48.48093083,1.616031028,53.32902392,0,0,1.616031028,0,19.39237233,0,16.16031028
전남,보성군,0.999,2783,0.0587541708,391,6.3,31647,2,3,2,0,0,0.104039987,0.00139354147,0.0197193781,11,30820.45455,0.545454545,2007,41.58976892,5.198721115,2.599360557,0,25.99360557,38.99040836,0,64.98401393,7.798081672,54.5865717,2.599360557,0,0,0,23.39424502,0,23.39424502
전남,화순군,0.8555,2982,0.181441224,812,25.4,33708,4,2,1,0,0,0.176020256,0.000820761995,0.00868960723,9,88430.88889,3.333333333,1992.777778,51.59293177,4.836837353,1.612279118,0,19.34734941,20.95962853,1.612279118,49.98065265,17.7350703,48.36837353,1.612279118,0,0,0,25.79646588,3.224558236,20.95962853
전남,장흥군,0.6137,3074,0.278338947,539,19.5,32917,,,,0,0,0.091809043,0.00121408337,0.0151351351,11,94352.27273,5,2006.727273,50.49088359,5.610098177,2.805049088,0,22.44039271,30.85553997,0,42.07573633,2.805049088,58.90603086,0,0,2.805049088,0,22.44039271,0,25.2454418
전남,강진군,0.3273,3031,0.163563712,419,32.8,32759,2,1,4,0,0,0.151856722,0.00132527892,0.0164498852,10,62418.6,4.7,2005.8,30.14136299,3.014136299,3.014136299,0,30.14136299,21.09895409,0,42.19790819,3.014136299,60.28272598,0,0,0,0,21.09895409,0,18.0848178
전남,해남군,0.5089,3724,0.259959128,966,20.5,32126,1,2,4,0,0,0.171980442,0.000894159725,0.0104644759,58,21405.67241,0.431034483,2008.465517,37.97602953,1.519041181,1.519041181,0,19.74753536,27.34274126,0,48.6093178,1.519041181,59.24260607,1.519041181,0,3.038082362,0,24.3046589,0,13.67137063
전남,영암군,0.2035,5990,0.346425356,889,24.5,33312,3,3,5,0.537430017,0.691454664,0.142708042,0.000984594,0.0106516291,9,42331.77778,0,2001.333333,15.2686325,3.817158126,1.908579063,0,19.08579063,24.81152782,0,43.89731845,1.908579063,41.98873938,0,0,0,0,22.90294875,0,26.72010688
전남,무안군,0.4075,3705,0.532912977,1952,20.9,35487,1,3,1,0.4598401,0.510024058,0.457074505,0.00063871728,0.00446531681,22,21527.40909,2.863636364,2001.818182,14.34751898,1.103655306,1.103655306,0,8.829242451,12.14020837,0,39.73159103,3.310965919,54.07911001,0,0,1.103655306,1.103655306,22.07310613,2.207310613,16.5548296
전남,함평군,0.9695,3762,0.0754200588,329,27.6,32718,,,,0,0,0.0471403969,0.00115591664,0.0169163847,12,31841.83333,1.5,1998.166667,58.47193347,6.496881497,3.248440748,0,25.98752599,51.97505198,0,48.72661123,3.248440748,42.22972973,0,0,0,3.248440748,22.73908524,0,22.73908524
전남,영광군,0.3123,4436,0.442707295,996,24,34053,,,,0.271112193,0.382395382,0.234449643,0.000915465524,0.0100945017,3,149297.6667,4.333333333,2012.333333,40.23219725,0,1.915818917,0,15.32655133,24.90564592,0,47.89547292,1.915818917,61.30620534,1.915818917,0,3.831637834,0,32.56892159,0,24.90564592
전남,장성군,0.9096,4910,0.167059988,549,14.7,33117,1,4,2,0,0,0.132931423,0.000923142472,0.0107349298,26,13158.73077,1.269230769,2007.115385,13.90627173,4.63542391,2.317711955,0,23.17711955,25.4948315,0,37.08339128,4.63542391,37.08339128,0,0,0,0,20.85940759,0,18.54169564
전남,완도군,0.2788,2694,0.22976819,665,30.5,32113,,,,0,0,0.153627826,0.00145607858,0.0162384876,10,92680.2,0,2004.4,12.6058365,2.10097275,0,2.10097275,25.211673,37.81750951,0,42.01945501,0,46.22140051,0,0,0,0,23.11070025,0,14.70680925
전남,진도군,0.0692,3047,0.264501255,438,20.9,32086,7,2,2,0,0,0.137152073,0.0014632107,0.0174346202,7,98629.85714,0,1982.857143,16.94513166,6.778052665,3.389026333,0,20.334158,50.83539499,0,47.44636866,3.389026333,47.44636866,0,0,0,0,23.72318433,0,16.94513166
전남,신안군,0.5456,3861,0.160143065,490,9.7,31586,2,2,6,0,0,0,0.00175489143,0.0283298097,9,275192.6667,0,2010.111111,13.20724814,5.282899255,2.641449628,0,42.26319404,60.75334143,0,29.0559459,5.282899255,29.0559459,0,0,0,0,10.56579851,0,13.20724814
경북,포항시,0.503,3750,0.420485021,9299,16.6,37288,1,10,5,0.141327282,0.17708577,0.392565407,0.000499558317,0.00424328147,168,11625.18988,4.803571429,1994.952381,47.18610234,3.479819942,0.8111082,0,5.677757398,8.854123414,0,87.0863381,10.81098054,107.5568571,1.114562126,0,2.06180389,0.371520709,64.74682922,0.879174982,50.45602874
경북,경주시,0.3157,3821,0.355500868,4267,28.1,34604,3,7,7,0.226691259,0.295018091,0.343616538,0.000565958608,0.00582662643,57,24269.40351,1.929824561,1991.614035,13.62141286,4.0062979,0.40062979,0,4.80755748,6.41007664,0,42.46675774,4.0062979,45.27116627,0.80125958,0,0.40062979,0.40062979,23.23652782,0,26.04093635
경북,김천시,0.8159,4106,0.382701912,2449,19.8,35239,1,2,4,0.204671647,0.266968896,0.272111214,0.000669058612,0.00604651163,28,37062.03571,0,1998.464286,27.27455428,0,0.717751428,0,10.76627142,11.48402285,0,35.16981999,2.153254285,41.62958284,1.435502857,0,1.435502857,0,22.96804571,0,16.50828285
경북,안동시,0.2933,3858,0.279981293,2400,24.9,34127,,,,0.271747364,0.282415631,0.362709731,0.000657295327,0.00640131829,101,38367.3,3.534653465,1999.207921,34.27980079,1.940366082,0.646788694,0,9.055041718,16.16971735,0,41.39447642,4.527520859,48.50915206,1.940366082,0,1.940366082,1.293577388,26.51833646,0.646788694,27.81191385
경북,구미시,0.1863,6839,0.55234625,8885,22.4,37775,,,,0.137529704,0.141787052,0.463316192,0.000496509612,0.00356680212,171,29325.04678,3.538011696,1994.642857,14.94695058,0.980127907,0.490063953,0,1.960255813,2.94038372,0,37.48989243,2.450319767,50.23155522,0.245031977,0,0.73509593,1.225159883,25.97338953,0.490063953,21.56281395
경북,영주시,0.8414,2993,0.210545757,1395,26.5,34101,,,,0.419227139,0.489230769,0.358738542,0.000632504719,0.00607814761,69,23516.75362,0,2003.333333,40.695193,3.970262732,0.992565683,0,9.92565683,12.90335388,0,39.70262732,3.970262732,51.61341552,1.985131366,0,0.992565683,0,25.80670776,0.992565683,24.81414208
경북,영천시,0.2007,3834,0.370582918,1766,33.7,32994,1,2,3,0.27938939,0.417322835,0.205145603,0.00066239788,0.00853043815,24,22636.29167,6.083333333,2008.125,13.8493194,0.9892371,0.9892371,0,10.8816081,12.8600823,0,43.52643242,3.956948401,55.39727762,1.978474201,0.9892371,0.9892371,0,21.76321621,0.9892371,33.63406141
경북,상주시,0.8776,2674,0.177890774,1229,16.4,33100,,,,0.150023713,0.219325471,0.282039409,0.00101317123,0.0109238815,48,21460.25625,0.6875,2001.166667,21.09192917,1.054596459,1.054596459,0,18.98273626,26.36491147,0,43.23845481,2.109192917,46.40224418,2.109192917,0,2.109192917,0,26.36491147,0,25.31031501
경북,문경시,0.6702,2659,0.163573225,875,13.9,33318,,,,0.205426826,0.291448996,0.231033647,0.000856012752,0.00950196592,29,6818.931034,4.275862069,1992.793103,35.52498828,1.420999531,1.420999531,0,12.78899578,18.4729939,0,53.99798218,1.420999531,56.83998124,0,0,1.420999531,0,29.84099015,0,24.15699203
경북,경산시,0.1061,2706,0.456034432,5256,19.5,32698,1,3,8,0.678537893,0.604147486,0.35741011,0.000442494469,0.00411680564,117,13893.79573,2.982905983,1998.65812,10.83201046,1.86758801,0.373517602,0,2.988140816,3.73517602,0,40.33990102,3.361658418,58.64226352,0.373517602,0,0.747035204,0.747035204,28.38733775,0,23.53160893
경북,의성군,0.0052,2947,0.0464421773,502,26.5,31452,,,,0,0,0.0792111567,0.000994863257,0.0193065406,11,73477.27273,7,2000.363636,19.92587574,3.985175148,1.992587574,0,33.87398876,41.84433906,0,39.85175148,9.962937871,33.87398876,1.992587574,0,0,0,15.94070059,0,15.94070059
경북,청송군,0.6998,3467,0.178059138,316,23.6,32616,1,2,1,0,0,0.0340156697,0.00125796713,0.0233826968,1,15800,11,1973,24.6964396,0,0,4.116073266,24.6964396,32.92858613,0,41.16073266,0,49.39287919,4.116073266,0,0,0,20.58036633,0,28.81251286
경북,영양군,0.5081,2864,0.148124394,194,17.4,31963,,,,0,0,0.0956738884,0.00135904737,0.0204081633,4,153116.5,0.75,1984.25,31.20709025,6.24141805,6.24141805,0,31.20709025,49.9313444,0,24.9656722,0,6.24141805,0,0,0,0,18.72425415,0,12.4828361
경북,영덕군,0.166,2772,0.122969872,401,44.9,31269,,,,0,0,0.114045957,0.000925400758,0.0139576767,26,48721.19231,0,2012.923077,23.08802309,2.886002886,2.886002886,0,23.08802309,37.51803752,0,63.49206349,5.772005772,51.94805195,0,0,0,0,25.97402597,0,23.08802309
경북,청도군,0.9963,2537,0,373,28.1,32452,1,2,1,0,0,0.111574943,0.000879550452,0.0148087207,8,22930.625,4.125,2000.5,24.03037439,4.806074879,2.403037439,0,19.22429951,24.03037439,0,38.44859903,12.0151872,40.85163647,4.806074879,0,0,0,26.43341183,0,28.83644927
경북,고령군,1,4197,0.0121021083,284,18.2,32353,,,,0.460418114,0.822981366,0.139216405,0.000826965697,0.0122010737,2,21840,1,2012.5,19.76740355,3.294567259,3.294567259,0,23.06197081,32.94567259,0,32.94567259,3.294567259,39.5348071,0,0,0,0,29.65110533,0,23.06197081
경북,성주군,0.8362,5070,0.162724217,538,46.1,32386,,,,0,0,0.112691523,0.000958680855,0.0161746866,15,21508.33333,4.933333333,2002.066667,16.44505004,2.349292863,2.349292863,0,21.14363577,25.84222149,0,37.58868581,7.047878589,35.23939294,2.349292863,0,0,0,21.14363577,0,23.49292863
경북,칠곡군,0.0689,4038,0.383975272,1959,27,34824,,,,0.256286135,0.313748705,0.295664005,0.000644448536,0.00523521053,45,17952.16222,4.844444444,1996.155556,7.111932934,0.888991617,0.888991617,0,6.222941318,8.889916168,0,37.33764791,3.555966467,42.67159761,2.66697485,0,0,0,18.66882395,0,16.0018491
경북,예천군,0.9988,2113,0.506315989,1146,20.2,35378,1,2,2,0.253578065,0.429323613,0.288062618,0.000710511933,0.00638089005,46,19434.58696,1.239130435,2009.108696,12.55492781,1.793561116,1.793561116,0,17.93561116,28.69697785,0,30.49053897,3.587122231,35.87122231,0,0,0,0,19.72917227,0,19.72917227
경북,봉화군,0.0471,4041,0.0323158782,288,28.2,32761,,,,0,0,0.0868166483,0.00143850396,0.0208023774,6,18547.48333,0,1994.833333,33.17960118,3.317960118,3.317960118,0,29.86164106,23.22572083,0,33.17960118,3.317960118,26.54368094,0,0,0,0,13.27184047,0,13.27184047
경북,울진군,0.2297,5372,0.404475703,856,14.1,34650,1,3,1,0,0,0.236257897,0.000951536515,0.0110469495,17,16146.70588,2.764705882,1995.176471,25.51562832,2.12630236,2.12630236,0,19.13672124,34.02083776,0,38.27344248,4.25260472,34.02083776,0,0,0,0,19.13672124,0,19.13672124
경북,울릉군,0.6826,3355,0.29959816,148,7.9,34206,,,,0,0,0.0428289514,0.00141196915,0.0251937984,13,15993.84615,0,2003.538462,55.58025789,0,0,11.11605158,22.23210316,33.34815474,0,22.23210316,0,0,0,0,0,0,11.11605158,0,11.11605158
경남,진주시,0.7447,2420,0.44977097,6647,21.7,36582,1,9,10,0.245806218,0.241907877,0.543520889,0.000420894002,0.00340500512,143,25700.36993,1.615384615,2002.913669,38.68730765,3.781466162,0.290882012,0,3.490584149,3.781466162,0.290882012,47.41376803,1.745292075,58.4672845,0.872646037,0,0.872646037,0.581764025,33.74231344,0.581764025,26.47026313
경남,통영시,0.0595,2564,0.241288737,1755,31.2,33767,2,5,2,0.116742852,0.153024397,0.338450023,0.000561953249,0.00448881147,39,88721.82051,0.923076923,2002.615385,8.151221461,4.07561073,0.815122146,0,2.445366438,14.67219863,0,45.64684018,2.445366438,59.50391666,0.815122146,0,0.815122146,0,26.89903082,0.815122146,17.11756507
경남,사천시,0.2914,3983,0.357826706,1896,25.5,35198,1,3,1,0.127940474,0.168789809,0.340588356,0.000514743731,0.00447284345,12,48900.16667,4,,23.77273268,3.657343489,0.914335872,0,6.400351105,10.97203047,0,44.80245773,4.571679361,42.97378599,2.743007616,0,0,0,30.17308378,0,23.77273268
경남,김해시,0.2581,2851,0.00192677278,4871,25.9,36344,2,9,15,0.10467483,0.108306938,0.432206767,0.000387297397,0.00279765866,224,8363.259375,0.964285714,1999.758929,17.19211629,3.924287415,0.373741659,0,1.308095805,0.186870829,0,34.01049093,5.23238322,42.98029073,0.747483317,0,0.934354146,0.934354146,25.41443278,0.747483317,19.24769542
경남,밀양시,0.524,3124,1,3272,33.6,32940,,,,0.137613327,0.215578605,0.311673405,0.000662415344,0.00766853611,28,21683.01429,0.214285714,1995.785714,15.54227986,6.799747438,0.971392491,0,8.74253242,14.57088737,0,41.76987712,3.885569965,42.74126961,0.971392491,0,0,0,24.28481228,0.971392491,23.31341979
경남,거제시,0.2734,3627,0.103664762,2685,24.9,38757,,,,0.179187157,0.218646865,0.354177001,0.000544984852,0.00346928183,64,17424.10938,1.5625,1993.9375,12.67630629,2.535261259,0.422543543,0,4.225435431,5.070522517,0,32.95839636,0.845087086,42.25435431,0.422543543,0,1.267630629,1.267630629,23.23989487,0,17.32428527
경남,양산시,0.4128,3060,0.136332695,4382,25.4,35830,,,,0.117027502,0.143904426,0.372232225,0.000400772398,0.00300508553,140,16863.45357,4.1,1997.764286,17.80707308,2.826519537,0.282651954,0,1.413259768,0.565303907,0.282651954,38.72331766,3.391823444,50.59469971,1.413259768,0,0.282651954,0.847955861,24.59071997,1.130607815,21.76420043
경남,의령군,0.9962,3899,0.0596334667,265,11.5,32503,,,,0,0,0.116465707,0.0013073967,0.0210997442,31,50048.53226,0,2010.419355,19.18575649,3.837151299,3.837151299,0,42.20866429,38.37151299,0,42.20866429,3.837151299,38.37151299,3.837151299,0,0,0,19.18575649,0,23.02290779
경남,함안군,0.2892,6409,0.11677433,702,27.7,34036,,,,0,0,0.280164662,0.00084234644,0.00778937529,29,30596.48276,1.931034483,2005.896552,16.27180422,3.254360844,1.627180422,0,9.763082531,14.6446238,0,39.05233012,3.254360844,30.91642801,1.627180422,0,0,0,24.40770633,0,19.52616506
경남,창녕군,0.6515,4208,0.142562631,701,11.6,32954,,,,0,0,0.200224335,0.000957192236,0.01171875,10,189055,1.1,1974.7,29.12355239,3.426300281,1.71315014,0,22.27095183,32.54985267,0,49.68135407,11.99205098,47.96820393,3.426300281,0,0,0,20.55780169,0,17.1315014
경남,고성군,0.4098,4747,0.0426219674,491,27.5,33293,,,,0,0,0.236340099,0.00102887009,0.0111111111,12,88745.5,0,2000.5,39.64478275,3.964478275,1.982239137,0,25.76910879,23.78686965,0,31.7158262,3.964478275,35.68030447,1.982239137,0,0,0,21.80463051,0,17.84015224
경남,남해군,0.3203,2801,0.0408621255,405,29,31798,1,2,2,0.345828364,0.598870056,0.182951659,0.000993838203,0.0134318334,3,154776.6667,5,2019,31.26578321,2.405060247,2.405060247,0,21.64554222,36.0759037,0,40.88602419,2.405060247,50.50626518,0,0,0,0,21.64554222,0,24.05060247
경남,하동군,0.6993,5473,0.0323601471,405,17.9,32374,,,,0,0,0.137499663,0.00109611731,0.0163695889,4,117972.5,2.25,1961,0,0,2.35488049,0,28.25856588,42.38784882,0,35.32320735,4.70976098,42.38784882,2.35488049,0,0,0,25.90368539,0,21.19392441
경남,산청군,0.9355,3340,0.0655551539,356,17.4,32746,,,,0,0,0.100321953,0.00104571258,0.0165328295,14,36835.57143,3.714285714,2007,29.38756318,0,0,2.938756318,26.44880686,44.08134477,0,41.14258846,2.938756318,41.14258846,0,0,0,0,17.63253791,0,44.08134477
경남,함양군,0.9565,2924,0.055397952,379,20.5,32744,,,,0,0,0.246984351,0.000960456629,0.0114118031,6,128376,5.833333333,1992.5,13.25978572,2.651957144,2.651957144,0,26.51957144,29.17152859,0,50.38718574,0,47.7352286,0,0,0,0,26.51957144,0,26.51957144
경남,거창군,0.6163,2809,0.189131324,808,11.9,33901,,,,0.465382751,0.585311982,0.355290461,0.000852600431,0.00762331839,14,6899.642857,2.214285714,2000.714286,8.279927799,4.967956679,1.65598556,0,18.21584116,29.80774008,0,51.33555235,4.967956679,48.02358123,0,0,0,0,28.15175452,0,23.18379784
경남,합천군,0.8057,2873,0.0312340051,400,20.4,32344,,,,0,0,0.142886415,0.00118066658,0.019696348,,,,,11.86464809,2.372929619,2.372929619,0,37.9668739,35.59394428,0,37.9668739,4.745859238,37.9668739,2.372929619,0,0,0,23.72929619,0,28.47515543
제주,서귀포시,0.7113,2926,0.487149783,3729,21.9,,12,11,31,0,0,0.330328436,0.000641092378,0.00513969425,68,42455.79853,1.720588235,1998.220588,13.53033501,1.623640201,1.623640201,0,2.706067002,13.53033501,0,38.42615143,0,60.61590085,0,0,0.5412134,0,30.84916383,0,28.68431022
경남,창원시,0.3101,3806,0.448426122,19595,,,,,,0.0971238347,0.111329502,0.428376278,0.000425648142,0.0035397203,469,38986.23412,0,2003.140725,112.7257888,21.8907711,1.474990394,0,5.222926604,2.59803173,0.544478444,200.6082016,17.43975539,275.2541252,2.174189262,0.544478444,4.462780145,3.298103191,157.2494052,4.101202084,127.2724249
대구,군위군,,3886,0.0106348605,212,,,,,,0,0,0.0916560741,0.00101549737,0.0235655738,3,1458.666667,3,,0,,,,,,,,,,,,,,,,
제주,제주시,0.7113,2891,0.59235481,11200,,,,,,0.142155211,0.148372106,0.388697637,0.000410566889,0.00301720256,198,38228.03737,6.696969697,1994.792929,22.09210177,0.810719331,0.608039498,0,1.216078996,4.661636153,0,47.0217212,2.22947816,70.93794146,0.405359665,0.202679833,1.013399164,0.202679833,36.88772956,0.202679833,27.76713709
