시도별(1),2009.1/4,2009.1/4,2009.1/4,2009.1/4,2009.1/4,2009.1/4,2009.1/4,2009.1/4,2009.1/4,2009.1/4,2009.1/4,2009.1/4,2009.1/4,2009.1/4,2009.1/4,2009.1/4,2010.1/4,2010.1/4,2010.1/4,2010.1/4,2010.1/4,2010.1/4,2010.1/4,2010.1/4,2010.1/4,2010.1/4,2010.1/4,2010.1/4,2010.1/4,2010.1/4,2010.1/4,2010.1/4,2011.1/4,2011.1/4,2011.1/4,2011.1/4,2011.1/4,2011.1/4,2011.1/4,2011.1/4,2011.1/4,2011.1/4,2011.1/4,2011.1/4,2011.1/4,2011.1/4,2011.1/4,2011.1/4,2012.1/4,2012.1/4,2012.1/4,2012.1/4,2012.1/4,2012.1/4,2012.1/4,2012.1/4,2012.1/4,2012.1/4,2012.1/4,2012.1/4,2012.1/4,2012.1/4,2012.1/4,2012.1/4,2013.1/4,2013.1/4,2013.1/4,2013.1/4,2013.1/4,2013.1/4,2013.1/4,2013.1/4,2013.1/4,2013.1/4,2013.1/4,2013.1/4,2013.1/4,2013.1/4,2013.1/4,2013.1/4,2014.1/4,2014.1/4,2014.1/4,2014.1/4,2014.1/4,2014.1/4,2014.1/4,2014.1/4,2014.1/4,2014.1/4,2014.1/4,2014.1/4,2014.1/4,2014.1/4,2014.1/4,2014.1/4,2015.1/4,2015.1/4,2015.1/4,2015.1/4,2015.1/4,2015.1/4,2015.1/4,2015.1/4,2015.1/4,2015.1/4,2015.1/4,2015.1/4,2015.1/4,2015.1/4,2015.1/4,2015.1/4,2016.1/4,2016.1/4,2016.1/4,2016.1/4,2016.1/4,2016.1/4,2016.1/4,2016.1/4,2016.1/4,2016.1/4,2016.1/4,2016.1/4,2016.1/4,2016.1/4,2016.1/4,2016.1/4,2017.1/4,2017.1/4,2017.1/4,2017.1/4,2017.1/4,2017.1/4,2017.1/4,2017.1/4,2017.1/4,2017.1/4,2017.1/4,2017.1/4,2017.1/4,2017.1/4,2017.1/4,2017.1/4,2018.1/4,2018.1/4,2018.1/4,2018.1/4,2018.1/4,2018.1/4,2018.1/4,2018.1/4,2018.1/4,2018.1/4,2018.1/4,2018.1/4,2018.1/4,2018.1/4,2018.1/4,2018.1/4,2019.1/4,2019.1/4,2019.1/4,2019.1/4,2019.1/4,2019.1/4,2019.1/4,2019.1/4,2019.1/4,2019.1/4,2019.1/4,2019.1/4,2019.1/4,2019.1/4,2019.1/4,2019.1/4,2020.1/4,2020.1/4,2020.1/4,2020.1/4,2020.1/4,2020.1/4,2020.1/4,2020.1/4,2020.1/4,2020.1/4,2020.1/4,2020.1/4,2020.1/4,2020.1/4,2020.1/4,2020.1/4,2021.1/4,2021.1/4,2021.1/4,2021.1/4,2021.1/4,2021.1/4,2021.1/4,2021.1/4,2021.1/4,2021.1/4,2021.1/4,2021.1/4,2021.1/4,2021.1/4,2021.1/4,2021.1/4,2021.1/4,2022.1/4,2022.1/4,2022.1/4,2022.1/4,2022.1/4,2022.1/4,2022.1/4,2022.1/4,2022.1/4,2022.1/4,2022.1/4,2022.1/4,2022.1/4,2022.1/4,2022.1/4,2022.1/4,2022.1/4,2023.1/4,2023.1/4,2023.1/4,2023.1/4,2023.1/4,2023.1/4,2023.1/4,2023.1/4,2023.1/4,2023.1/4,2023.1/4,2023.1/4,2023.1/4,2023.1/4,2023.1/4,2023.1/4,2023.1/4,2024.1/4,2024.1/4,2024.1/4,2024.1/4,2024.1/4,2024.1/4,2024.1/4,2024.1/4,2024.1/4,2024.1/4,2024.1/4,2024.1/4,2024.1/4,2024.1/4,2024.1/4,2024.1/4,2024.1/4
시도별(1),계,의료기관,의료기관,의료기관,의료기관,의료기관,의료기관,의료기관,의료기관,의료기관,의료기관,보건기관,보건기관,보건기관,보건기관,약국,계,의료기관,의료기관,의료기관,의료기관,의료기관,의료기관,의료기관,의료기관,의료기관,의료기관,보건기관,보건기관,보건기관,보건기관,약국,계,의료기관,의료기관,의료기관,의료기관,의료기관,의료기관,의료기관,의료기관,의료기관,의료기관,보건기관,보건기관,보건기관,보건기관,약국,계,의료기관,의료기관,의료기관,의료기관,의료기관,의료기관,의료기관,의료기관,의료기관,의료기관,보건기관,보건기관,보건기관,보건기관,약국,계,의료기관,의료기관,의료기관,의료기관,의료기관,의료기관,의료기관,의료기관,의료기관,의료기관,보건기관,보건기관,보건기관,보건기관,약국,계,의료기관,의료기관,의료기관,의료기관,의료기관,의료기관,의료기관,의료기관,의료기관,의료기관,보건기관,보건기관,보건기관,보건기관,약국,계,의료기관,의료기관,의료기관,의료기관,의료기관,의료기관,의료기관,의료기관,의료기관,의료기관,보건기관,보건기관,보건기관,보건기관,약국,계,의료기관,의료기관,의료기관,의료기관,의료기관,의료기관,의료기관,의료기관,의료기관,의료기관,보건기관,보건기관,보건기관,보건기관,약국,계,의료기관,의료기관,의료기관,의료기관,의료기관,의료기관,의료기관,의료기관,의료기관,의료기관,보건기관,보건기관,보건기관,보건기관,약국,계,의료기관,의료기관,의료기관,의료기관,의료기관,의료기관,의료기관,의료기관,의료기관,의료기관,보건기관,보건기관,보건기관,보건기관,약국,계,의료기관,의료기관,의료기관,의료기관,의료기관,의료기관,의료기관,의료기관,의료기관,의료기관,보건기관,보건기관,보건기관,보건기관,약국,계,의료기관,의료기관,의료기관,의료기관,의료기관,의료기관,의료기관,의료기관,의료기관,의료기관,보건기관,보건기관,보건기관,보건기관,약국,계,의료기관,의료기관,의료기관,의료기관,의료기관,의료기관,의료기관,의료기관,의료기관,의료기관,의료기관,보건기관,보건기관,보건기관,보건기관,약국,계,의료기관,의료기관,의료기관,의료기관,의료기관,의료기관,의료기관,의료기관,의료기관,의료기관,의료기관,보건기관,보건기관,보건기관,보건기관,약국,계,의료기관,의료기관,의료기관,의료기관,의료기관,의료기관,의료기관,의료기관,의료기관,의료기관,의료기관,보건기관,보건기관,보건기관,보건기관,약국,계,의료기관,의료기관,의료기관,의료기관,의료기관,의료기관,의료기관,의료기관,의료기관,의료기관,의료기관,보건기관,보건기관,보건기관,보건기관,약국
시도별(1),소계,상급종합병원,종합병원,병원,요양병원,의원,치과병원,치과의원,조산원,한방병원,한의원,보건의료원,보건소,보건지소,보건진료소,소계,소계,상급종합병원,종합병원,병원,요양병원,의원,치과병원,치과의원,조산원,한방병원,한의원,보건의료원,보건소,보건지소,보건진료소,소계,소계,상급종합병원,종합병원,병원,요양병원,의원,치과병원,치과의원,조산원,한방병원,한의원,보건의료원,보건소,보건지소,보건진료소,소계,소계,상급종합병원,종합병원,병원,요양병원,의원,치과병원,치과의원,조산원,한방병원,한의원,보건의료원,보건소,보건지소,보건진료소,소계,소계,상급종합병원,종합병원,병원,요양병원,의원,치과병원,치과의원,조산원,한방병원,한의원,보건의료원,보건소,보건지소,보건진료소,소계,소계,상급종합병원,종합병원,병원,요양병원,의원,치과병원,치과의원,조산원,한방병원,한의원,보건의료원,보건소,보건지소,보건진료소,소계,소계,상급종합병원,종합병원,병원,요양병원,의원,치과병원,치과의원,조산원,한방병원,한의원,보건의료원,보건소,보건지소,보건진료소,소계,소계,상급종합병원,종합병원,병원,요양병원,의원,치과병원,치과의원,조산원,한방병원,한의원,보건의료원,보건소,보건지소,보건진료소,소계,소계,상급종합병원,종합병원,병원,요양병원,의원,치과병원,치과의원,조산원,한방병원,한의원,보건의료원,보건소,보건지소,보건진료소,소계,소계,상급종합병원,종합병원,병원,요양병원,의원,치과병원,치과의원,조산원,한방병원,한의원,보건의료원,보건소,보건지소,보건진료소,소계,소계,상급종합병원,종합병원,병원,요양병원,의원,치과병원,치과의원,조산원,한방병원,한의원,보건의료원,보건소,보건지소,보건진료소,소계,소계,상급종합병원,종합병원,병원,요양병원,의원,치과병원,치과의원,조산원,한방병원,한의원,보건의료원,보건소,보건지소,보건진료소,소계,소계,상급종합병원,종합병원,병원,요양병원,정신병원,의원,치과병원,치과의원,조산원,한방병원,한의원,보건의료원,보건소,보건지소,보건진료소,소계,소계,상급종합병원,종합병원,병원,요양병원,정신병원,의원,치과병원,치과의원,조산원,한방병원,한의원,보건의료원,보건소,보건지소,보건진료소,소계,소계,상급종합병원,종합병원,병원,요양병원,정신병원,의원,치과병원,치과의원,조산원,한방병원,한의원,보건의료원,보건소,보건지소,보건진료소,소계,소계,상급종합병원,종합병원,병원,요양병원,정신병원,의원,치과병원,치과의원,조산원,한방병원,한의원,보건의료원,보건소,보건지소,보건진료소,소계
계,"78,829",44,269,"1,211",714,"26,640",172,"13,831",51,139,"11,424",17,239,"1,286","1,912","20,880","80,632",44,271,"1,284",800,"27,167",185,"14,321",46,165,"11,851",17,239,"1,291","1,915","21,036","82,189",44,272,"1,345",900,"27,638",195,"14,796",45,173,"12,116",17,240,"1,297","1,918","21,193","83,217",44,274,"1,391","1,006","27,932",199,"15,149",37,185,"12,430",16,242,"1,295","1,916","21,101","84,211",43,280,"1,432","1,136","28,137",205,"15,477",33,204,"12,786",15,243,"1,301","1,911","21,008","85,427",43,284,"1,448","1,276","28,484",202,"15,837",34,212,"13,166",15,244,"1,306","1,905","20,971","87,071",43,292,"1,494","1,339","29,037",206,"16,294",35,243,"13,465",15,244,"1,314","1,908","21,142","88,500",43,295,"1,502","1,383","29,694",216,"16,687",30,263,"13,649",15,242,"1,315","1,905","21,261","90,360",43,301,"1,457","1,502","30,482",226,"17,097",27,296,"13,915",15,241,"1,317","1,903","21,538","92,044",42,302,"1,471","1,535","31,177",232,"17,464",26,307,"14,154",15,241,"1,316","1,906","21,856","93,684",42,312,"1,470","1,565","31,957",241,"17,754",21,309,"14,322",15,241,"1,316","1,905","22,214","95,557",42,315,"1,495","1,584","32,665",238,"18,051",19,357,"14,414",15,241,"1,317","1,902","22,902","97,238",45,317,"1,453","1,461",166,"33,354",232,"18,338",18,430,"14,485",15,243,"1,315","1,904","23,462","99,028",45,325,"1,390","1,467",249,"34,216",235,"18,664",16,488,"14,528",15,243,"1,314","1,905","23,928","100,827",45,329,"1,405","1,425",259,"35,225",236,"18,897",15,549,"14,556",15,246,"1,315","1,901","24,409","102,197",47,329,"1,407","1,382",260,"35,951",240,"19,092",15,563,"14,617",15,246,"1,312","1,898","24,823"
서울특별시,"20,176",17,43,159,60,"6,985",64,"4,266",6,31,"3,238",0,25,1,0,"5,281","20,683",17,42,169,68,"7,205",70,"4,426",6,30,"3,334",0,25,1,0,"5,290","20,999",17,41,179,74,"7,391",73,"4,544",6,33,"3,353",0,25,2,0,"5,261","20,994",17,40,188,84,"7,415",71,"4,573",4,32,"3,401",0,25,2,0,"5,142","21,022",17,41,203,95,"7,453",72,"4,583",4,32,"3,446",0,25,2,0,"5,049","21,085",17,40,213,100,"7,534",71,"4,589",5,34,"3,488",0,25,4,0,"4,965","21,303",14,42,217,106,"7,676",70,"4,648",5,34,"3,516",0,25,4,0,"4,946","21,546",14,42,219,104,"7,859",67,"4,702",5,41,"3,539",0,25,4,0,"4,925","21,821",14,43,221,113,"8,023",69,"4,750",4,43,"3,579",0,25,4,0,"4,933","22,135",13,44,223,116,"8,215",65,"4,807",4,44,"3,609",0,25,6,0,"4,964","22,461",13,45,222,120,"8,427",67,"4,818",3,44,"3,617",0,25,8,0,"5,052","22,930",13,44,230,125,"8,706",65,"4,851",3,54,"3,625",0,25,8,0,"5,181","23,339",14,42,226,123,7,"8,965",60,"4,887",3,63,"3,617",0,25,8,0,"5,299","23,781",14,42,223,125,12,"9,264",60,"4,906",3,76,"3,621",0,25,8,0,"5,402","24,145",14,42,230,122,12,"9,539",60,"4,891",3,87,"3,629",0,25,10,0,"5,481","24,503",14,43,227,110,12,"9,803",60,"4,899",3,87,"3,624",0,25,10,0,"5,586"
부산광역시,"5,804",4,23,99,89,"2,064",9,"1,010",14,6,930,0,16,9,5,"1,526","5,863",4,23,104,103,"2,057",9,"1,027",10,7,961,0,16,10,5,"1,527","5,985",4,24,114,120,"2,083",10,"1,063",10,8,982,0,16,11,5,"1,535","6,074",4,23,120,136,"2,096",11,"1,093",10,8,"1,005",0,16,11,5,"1,536","6,157",4,23,123,159,"2,093",13,"1,139",7,9,"1,027",0,16,11,5,"1,528","6,232",4,23,126,179,"2,124",15,"1,158",6,6,"1,071",0,16,11,5,"1,488","6,354",4,23,134,184,"2,161",16,"1,198",4,9,"1,094",0,16,11,5,"1,495","6,425",4,24,131,193,"2,204",20,"1,212",3,9,"1,098",0,16,11,5,"1,495","6,507",4,25,135,199,"2,247",22,"1,235",2,10,"1,106",0,16,11,5,"1,490","6,620",4,25,139,197,"2,304",23,"1,259",2,9,"1,122",0,16,11,5,"1,504","6,716",4,25,139,188,"2,363",25,"1,263",2,9,"1,129",0,16,11,5,"1,537","6,793",4,25,144,188,"2,405",24,"1,280",2,10,"1,139",0,16,11,5,"1,540","6,906",3,26,137,169,24,"2,438",23,"1,303",1,15,"1,143",0,16,11,5,"1,592","7,010",3,25,135,169,23,"2,493",24,"1,313",1,18,"1,143",0,16,11,5,"1,631","7,169",3,25,143,163,23,"2,574",24,"1,334",1,26,"1,141",0,16,11,5,"1,680","7,227",4,25,142,162,23,"2,614",25,"1,334",1,27,"1,139",0,16,11,5,"1,699"
대구광역시,"4,204",4,7,95,36,"1,445",17,681,1,8,716,0,8,9,9,"1,168","4,304",4,7,100,38,"1,474",17,718,1,8,735,0,8,9,9,"1,176","4,409",4,8,103,40,"1,507",16,740,1,7,752,0,8,9,9,"1,205","4,478",4,8,106,42,"1,549",16,746,1,6,771,0,8,9,9,"1,203","4,505",4,8,108,50,"1,559",15,757,1,5,786,0,8,9,9,"1,186","4,583",4,7,110,60,"1,583",14,783,1,2,813,0,8,9,9,"1,180","4,642",4,8,111,62,"1,599",15,807,2,2,833,0,8,9,9,"1,173","4,737",4,8,114,61,"1,635",17,834,2,2,845,0,8,9,8,"1,190","4,862",4,8,113,65,"1,694",18,858,1,2,860,0,8,9,8,"1,214","4,941",5,7,112,63,"1,725",17,873,0,2,871,0,8,9,8,"1,241","5,022",5,11,109,64,"1,775",17,880,0,2,872,0,8,9,8,"1,262","5,107",5,12,109,69,"1,809",16,884,0,3,875,0,8,9,8,"1,300","5,170",5,12,98,72,8,"1,845",15,887,0,9,878,0,8,8,8,"1,317","5,270",5,13,89,75,16,"1,903",15,906,0,10,888,0,8,8,8,"1,326","5,332",5,14,89,75,17,"1,941",14,916,0,15,886,0,8,8,8,"1,336","5,494",5,14,92,72,16,"1,999",13,941,0,17,900,0,9,15,18,"1,383"
인천광역시,"3,590",2,11,48,31,"1,308",4,656,1,10,480,0,10,23,24,982,"3,648",2,12,52,37,"1,320",3,677,1,13,499,0,10,23,24,975,"3,717",2,12,56,38,"1,339",3,701,1,12,513,0,10,23,24,983,"3,776",2,13,57,40,"1,358",3,729,1,12,537,0,10,24,24,966,"3,861",2,14,54,47,"1,378",3,758,2,14,546,0,10,26,24,983,"3,937",2,16,48,63,"1,387",4,783,2,12,576,0,10,27,25,982,"4,048",3,16,54,59,"1,419",4,807,2,14,604,0,10,28,26,"1,002","4,145",3,16,57,64,"1,444",5,838,2,17,613,0,10,27,27,"1,022","4,245",3,16,59,71,"1,476",5,859,3,18,630,0,10,27,27,"1,041","4,346",3,16,60,72,"1,506",6,890,3,22,641,0,10,27,27,"1,063","4,408",3,16,61,72,"1,540",9,897,2,26,648,0,10,27,26,"1,071","4,508",3,16,64,70,"1,573",9,913,1,32,657,0,10,27,26,"1,107","4,611",3,17,66,67,5,"1,606",9,937,1,36,662,0,10,27,26,"1,139","4,734",3,17,55,68,16,"1,664",9,965,1,45,663,0,10,27,26,"1,165","4,884",3,18,59,63,17,"1,735",11,983,1,48,672,0,10,27,26,"1,211","4,993",3,18,57,64,17,"1,781",12,993,1,48,682,0,10,27,25,"1,255"
광주광역시,"2,293",2,17,48,16,808,5,460,4,10,274,0,5,0,10,634,"2,379",2,18,49,16,829,6,477,4,20,298,0,5,0,10,645,"2,455",2,19,60,21,845,6,496,4,30,300,0,5,0,10,657,"2,498",2,19,70,24,845,7,508,3,42,301,0,5,1,10,661,"2,514",2,20,69,28,844,9,520,1,54,305,0,5,1,10,646,"2,596",2,20,69,38,866,10,541,1,64,316,0,5,1,10,653,"2,661",2,20,74,41,891,11,567,1,77,308,0,5,1,10,653,"2,680",2,20,77,51,891,12,575,0,82,308,0,5,1,10,646,"2,753",2,20,73,58,916,12,590,0,98,316,0,5,1,10,652,"2,787",2,20,75,62,929,13,600,0,94,317,0,5,1,10,659,"2,827",2,20,79,64,938,13,615,0,85,319,0,5,1,10,676,"2,862",2,21,82,65,948,14,624,0,85,325,0,5,1,10,680,"2,905",2,22,82,60,7,968,15,630,0,87,316,0,5,1,10,700,"2,939",2,22,86,60,7,988,15,633,0,88,311,0,5,1,10,711,"3,018",2,23,82,61,9,"1,036",14,642,0,85,319,0,5,1,10,729,"3,031",2,23,80,63,9,"1,054",14,645,0,88,316,0,5,2,10,720
대전광역시,"2,575",2,6,33,33,959,6,426,2,5,408,0,5,8,8,674,"2,599",2,6,34,34,963,5,443,1,4,416,0,5,8,8,670,"2,622",2,6,33,42,957,5,449,1,5,437,0,5,8,8,664,"2,694",1,7,35,42,973,6,469,1,5,456,0,5,8,8,678,"2,753",1,7,40,46,992,6,481,1,5,469,0,5,8,8,684,"2,795",1,8,39,48,"1,000",6,490,1,5,485,0,5,8,8,691,"2,831",1,9,40,51,"1,014",5,503,1,5,498,0,5,8,8,683,"2,872",1,9,37,53,"1,031",5,511,1,5,502,0,5,7,8,697,"2,926",1,9,40,51,"1,053",6,517,1,5,510,0,5,7,8,713,"2,946",1,9,48,51,"1,056",6,511,1,7,513,0,5,7,8,723,"2,993",1,9,49,52,"1,078",6,527,1,6,516,0,5,6,8,729,"3,028",1,9,50,51,"1,091",6,532,1,8,503,0,5,6,8,757,"3,055",1,9,50,49,2,"1,098",6,541,1,12,507,0,5,6,8,760,"3,093",1,9,47,47,7,"1,122",6,543,1,15,512,0,5,6,8,764,"3,097",1,9,47,47,7,"1,125",6,550,1,16,504,0,5,6,8,765,"3,089",2,8,47,46,7,"1,119",7,553,1,17,498,0,5,6,7,766
울산광역시,"1,503",0,4,35,25,503,3,302,0,2,248,0,5,10,11,355,"1,558",0,4,37,28,526,4,308,0,2,257,0,5,8,11,368,"1,595",0,4,38,31,530,4,321,0,3,270,0,5,8,11,370,"1,629",0,4,40,35,538,4,331,0,3,274,0,5,8,11,376,"1,637",0,4,43,38,528,5,339,0,3,274,0,5,8,11,379,"1,666",0,4,41,43,541,5,347,0,3,283,0,5,8,11,375,"1,704",1,5,39,42,560,4,358,0,3,282,0,5,8,11,386,"1,755",1,6,41,41,582,3,366,0,3,290,0,5,8,11,398,"1,781",1,7,42,45,591,3,373,0,3,288,0,5,8,11,404,"1,788",0,8,41,42,595,3,382,0,3,285,0,5,8,11,405,"1,797",0,8,41,42,610,3,381,0,2,281,0,5,8,11,405,"1,811",0,8,42,42,610,4,386,0,3,276,0,5,8,11,416,"1,824",1,8,36,41,3,610,4,389,0,5,280,0,5,8,11,423,"1,834",1,8,33,40,7,621,4,388,0,5,278,0,5,8,11,425,"1,847",1,8,34,39,7,627,4,387,0,5,278,0,5,8,11,433,"1,866",1,8,34,36,6,640,4,389,0,7,275,0,5,8,11,442
세종특별자치시,-,-,-,-,-,-,-,-,-,-,-,-,-,-,-,-,-,-,-,-,-,-,-,-,-,-,-,-,-,-,-,-,-,-,-,-,-,-,-,-,-,-,-,-,-,-,-,-,-,-,-,-,-,-,-,-,-,-,-,-,-,-,-,-,175,0,0,1,6,56,0,21,0,0,21,0,1,9,6,54,197,0,0,1,6,60,0,27,0,0,27,0,1,9,6,60,249,0,0,1,7,76,0,41,0,0,33,0,1,11,6,73,314,0,0,1,7,107,0,54,0,0,42,0,1,11,7,84,363,0,0,1,7,125,0,63,0,0,54,0,1,11,7,94,444,0,0,1,7,160,1,76,0,0,69,0,1,10,7,112,477,0,0,1,6,179,1,80,0,1,75,0,1,10,7,116,510,0,1,1,6,185,1,87,0,2,80,0,1,10,7,129,551,0,2,1,5,1,195,1,92,0,4,83,0,1,10,7,149,567,0,2,1,5,1,203,1,97,0,3,84,0,1,10,7,152,600,0,2,1,4,1,225,1,98,0,4,89,0,1,10,7,157,620,0,2,3,3,1,230,1,99,0,4,96,0,1,10,7,163
경기도,"15,530",5,47,236,129,"5,388",33,"2,984",9,26,"2,164",1,44,125,162,"4,177","16,014",5,48,248,146,"5,515",35,"3,119",9,36,"2,283",1,44,127,163,"4,235","16,450",5,48,255,174,"5,633",38,"3,253",9,35,"2,346",1,45,128,165,"4,315","16,780",5,48,272,205,"5,726",38,"3,339",8,33,"2,430",1,45,124,164,"4,342","17,067",5,50,281,230,"5,816",38,"3,412",8,30,"2,514",1,45,124,164,"4,349","17,497",5,51,283,261,"5,940",32,"3,532",9,33,"2,617",1,45,124,161,"4,403","17,943",5,52,290,281,"6,082",33,"3,625",12,35,"2,715",1,45,125,161,"4,481","18,272",5,53,286,278,"6,210",34,"3,738",10,38,"2,792",1,45,125,161,"4,496","18,918",5,55,271,307,"6,460",34,"3,889",8,45,"2,894",1,45,124,160,"4,620","19,446",5,56,272,325,"6,650",35,"3,986",8,48,"2,997",1,45,125,161,"4,732","20,056",5,58,270,339,"6,899",37,"4,126",7,52,"3,099",1,45,124,161,"4,833","20,727",5,60,277,352,"7,127",37,"4,246",7,70,"3,143",1,45,124,161,"5,072","21,300",5,62,284,317,37,"7,319",37,"4,358",7,95,"3,200",1,47,121,161,"5,249","21,968",5,65,275,319,51,"7,581",39,"4,514",6,118,"3,235",1,47,120,162,"5,430","22,618",5,66,282,308,50,"7,917",41,"4,627",5,143,"3,258",1,48,121,159,"5,587","23,161",6,65,287,302,52,"8,162",43,"4,713",5,140,"3,326",1,48,118,158,"5,735"
강원특별자치도,"2,190",2,14,36,16,647,1,303,4,2,296,2,18,94,131,624,"2,234",2,13,43,19,658,2,310,4,2,305,2,18,95,131,630,"2,260",2,13,47,20,674,2,315,4,2,313,2,18,96,131,621,"2,266",2,13,48,23,682,2,320,2,2,316,2,18,96,129,611,"2,304",1,14,48,25,678,2,334,2,2,325,2,18,96,129,628,"2,348",1,15,45,28,702,2,342,2,2,335,2,18,96,129,629,"2,378",1,15,46,28,717,2,357,1,2,337,2,18,96,129,627,"2,418",1,14,48,31,727,3,367,1,2,345,2,16,98,129,634,"2,447",1,14,48,30,742,3,375,1,2,347,2,16,99,129,638,"2,467",1,14,46,31,742,4,384,1,3,350,2,16,99,129,645,"2,501",1,14,45,34,760,4,386,0,2,353,2,16,97,129,658,"2,545",1,14,45,32,774,4,392,0,1,365,2,16,97,129,673,"2,588",2,13,45,32,0,781,4,405,0,3,368,2,16,97,129,691,"2,625",2,13,36,34,9,788,4,418,0,5,374,2,16,97,129,698,"2,644",2,13,37,30,9,792,3,422,0,6,377,2,16,97,129,709,"2,670",2,14,36,32,9,804,3,435,0,6,378,2,16,97,129,707
충청북도,"2,322",1,9,36,22,764,1,287,3,3,307,0,13,94,161,621,"2,334",1,9,39,27,758,1,296,3,3,313,0,13,94,161,616,"2,397",1,10,39,32,772,1,312,3,3,326,0,13,94,161,630,"2,432",1,10,41,32,785,1,325,1,3,335,0,13,94,161,630,"2,453",1,10,37,35,780,1,336,1,4,355,0,13,95,160,625,"2,492",1,10,38,39,788,1,347,1,4,369,0,14,94,158,628,"2,530",1,10,41,42,791,1,373,1,4,372,0,14,93,158,629,"2,599",1,11,39,42,827,2,384,1,4,386,0,14,94,158,636,"2,620",1,11,38,46,834,2,395,1,6,386,0,14,94,158,634,"2,681",1,11,39,48,856,3,414,1,7,388,0,14,94,158,647,"2,723",1,12,38,50,876,3,419,1,8,393,0,14,94,158,656,"2,774",1,12,37,49,884,4,435,1,7,397,0,14,95,158,680,"2,820",1,12,36,42,9,901,4,444,1,7,401,0,14,95,158,695,"2,871",1,12,37,41,10,911,4,462,1,11,408,0,14,95,159,705,"2,906",1,12,36,37,12,934,4,470,1,13,406,0,14,94,159,713,"2,921",1,12,36,38,12,932,4,475,1,13,405,0,14,94,159,725
충청남도,"3,121",2,9,44,44,978,7,400,0,6,398,2,14,158,240,819,"3,208",2,9,51,44,"1,002",8,422,0,6,418,2,14,158,241,831,"3,275",2,9,54,46,"1,020",9,433,0,6,432,2,14,158,241,849,"3,339",2,10,49,59,"1,031",9,453,0,4,451,2,15,158,240,856,"3,256",2,10,50,59,987,9,446,0,5,462,2,14,150,234,826,"3,306",2,10,47,68,996,10,467,0,3,472,2,14,150,235,830,"3,400",2,11,51,72,"1,012",10,486,0,3,495,2,14,151,235,856,"3,442",2,11,53,75,"1,029",10,503,0,4,493,2,14,151,233,862,"3,519",2,11,43,88,"1,052",11,515,0,5,508,2,14,150,233,885,"3,582",2,11,45,90,"1,059",11,534,0,6,523,2,14,150,234,901,"3,619",2,11,43,90,"1,069",11,553,0,6,520,2,14,151,234,913,"3,667",2,11,44,88,"1,072",11,561,0,11,519,2,14,151,234,947,"3,681",2,11,43,67,15,"1,090",11,567,0,10,514,2,14,151,235,949,"3,708",2,11,45,67,17,"1,091",11,578,0,12,509,2,14,151,236,962,"3,765",2,11,46,69,17,"1,107",11,596,0,13,509,2,14,150,236,982,"3,805",1,12,46,67,17,"1,119",11,607,0,15,516,2,14,150,236,992
전라북도,"3,257",2,12,57,57,"1,028",3,422,0,9,407,4,10,148,245,853,"3,302",2,12,65,59,"1,036",4,426,0,11,409,4,10,148,245,871,"3,386",2,12,66,63,"1,061",4,445,0,13,426,4,10,148,245,887,"3,434",2,11,71,65,"1,076",3,459,0,15,434,4,10,148,245,891,"3,501",2,11,71,73,"1,089",4,479,0,20,470,4,10,148,241,879,"3,519",2,11,77,81,"1,084",2,490,0,18,475,4,10,149,239,877,"3,563",2,11,75,82,"1,090",2,511,0,24,489,4,10,149,240,874,"3,627",2,11,80,82,"1,104",3,537,0,25,492,4,10,149,242,886,"3,689",2,11,80,84,"1,132",3,551,0,27,500,4,10,149,241,895,"3,699",2,11,78,84,"1,146",3,556,0,26,498,4,10,149,241,891,"3,745",2,11,77,84,"1,157",3,577,0,29,506,4,10,149,242,894,"3,778",2,11,74,84,"1,159",3,584,0,30,503,4,10,148,239,927,"3,836",2,11,66,83,7,"1,178",3,594,0,32,506,4,10,148,239,953,"3,857",2,12,62,84,11,"1,182",3,595,0,31,511,4,10,148,240,962,"3,890",2,12,60,83,10,"1,202",3,597,0,34,509,4,11,148,240,975,"3,923",2,11,60,74,11,"1,220",3,607,0,35,505,4,11,148,240,992
전라남도,"3,015",0,19,75,30,878,5,345,4,8,285,4,18,209,331,804,"3,054",0,19,74,38,888,5,351,4,9,301,4,18,210,330,803,"3,089",0,20,77,43,886,5,371,4,5,309,4,18,212,330,805,"3,138",1,21,76,45,889,5,391,4,9,327,3,19,212,333,803,"3,162",1,21,76,57,891,5,406,4,9,339,3,19,214,331,786,"3,191",1,21,80,59,894,6,418,4,14,345,3,19,215,329,783,"3,236",1,22,84,65,898,6,432,4,20,352,3,19,215,329,786,"3,250",1,22,83,69,907,6,436,3,20,352,3,19,213,327,789,"3,297",1,22,76,78,925,7,450,3,21,356,3,19,214,327,795,"3,334",1,22,75,81,935,7,466,3,23,367,3,19,214,327,791,"3,370",1,22,76,84,946,7,473,2,23,378,3,19,214,327,795,"3,391",1,22,76,91,940,6,485,1,23,371,3,19,214,327,812,"3,424",1,22,78,82,7,950,6,496,1,26,369,3,19,216,327,821,"3,451",1,25,73,83,10,957,6,502,0,25,370,3,19,216,327,834,"3,492",1,25,72,82,11,971,6,510,0,26,371,3,19,216,327,852,"3,469",1,25,72,79,11,966,6,513,0,28,354,3,19,216,327,849
경상북도,"3,944",0,18,74,65,"1,165",7,484,0,10,526,3,22,218,312,"1,040","3,997",0,19,75,74,"1,174",7,491,0,10,542,3,22,219,313,"1,048","4,043",0,18,79,79,"1,171",7,511,0,8,562,3,22,219,313,"1,051","4,078",0,18,76,84,"1,185",9,534,0,8,565,3,22,219,313,"1,042","4,123",0,17,80,92,"1,181",9,561,0,7,584,2,23,219,313,"1,035","4,164",0,19,82,100,"1,172",10,583,0,8,599,2,23,220,313,"1,033","4,250",0,19,86,108,"1,203",11,603,0,7,612,2,23,224,313,"1,039","4,320",0,19,83,112,"1,238",11,625,0,6,612,2,23,224,311,"1,054","4,332",0,19,79,115,"1,247",12,629,1,5,616,2,23,224,311,"1,049","4,399",0,19,79,118,"1,270",15,647,1,4,624,2,23,223,311,"1,063","4,440",0,20,76,119,"1,277",14,659,1,5,634,2,23,223,311,"1,076","4,475",0,20,73,117,"1,285",13,672,1,6,638,2,23,223,311,"1,091","4,480",0,20,58,113,14,"1,287",13,673,1,8,636,2,23,223,311,"1,098","4,484",0,20,55,111,24,"1,290",13,681,1,6,629,2,23,223,308,"1,098","4,518",0,20,52,108,26,"1,310",13,693,1,7,624,2,23,223,308,"1,108","4,487",0,21,52,105,26,"1,302",11,698,1,8,622,2,22,216,298,"1,103"
경상남도,"4,451",1,24,131,55,"1,427",7,663,2,2,630,1,20,170,217,"1,101","4,589",1,24,139,63,"1,461",9,688,2,3,658,1,20,171,218,"1,131","4,632",1,22,140,71,"1,465",12,700,1,2,668,1,20,171,219,"1,139","4,704",1,23,136,84,"1,471",14,730,1,2,691,1,20,171,218,"1,141","4,777",1,23,143,88,"1,485",14,749,1,5,715,1,20,171,219,"1,142","4,841",1,22,143,96,"1,482",14,771,1,4,738,1,20,171,220,"1,157","4,949",2,22,144,101,"1,502",16,801,1,4,756,1,20,171,221,"1,187","5,044",2,23,145,112,"1,533",18,822,1,5,774,1,20,173,221,"1,194","5,171",2,24,131,134,"1,580",18,851,1,6,786,1,19,175,221,"1,222","5,257",2,23,131,139,"1,608",19,870,1,9,801,1,19,173,222,"1,239","5,326",2,24,137,147,"1,628",20,888,1,9,795,1,19,173,221,"1,261","5,402",2,23,140,145,"1,646",20,900,1,12,805,1,19,174,221,"1,293","5,480",3,22,140,130,19,"1,666",20,912,1,17,811,1,19,174,221,"1,324","5,543",3,23,131,129,27,"1,693",20,928,1,19,800,1,19,174,221,"1,354","5,571",3,23,127,123,29,"1,706",20,938,1,20,789,1,20,174,220,"1,377","5,581",3,22,128,118,29,"1,709",22,946,1,22,784,1,20,173,220,"1,383"
제주특별자치도,854,0,6,5,6,293,0,142,1,1,117,0,6,10,46,221,866,0,6,5,6,301,0,142,1,1,122,0,6,10,46,220,875,0,6,5,6,304,0,142,1,1,127,0,6,10,46,221,903,0,6,6,6,313,0,149,1,1,136,0,6,10,46,223,944,0,7,5,8,327,0,156,1,0,148,0,6,10,47,229,978,0,7,6,7,331,0,169,1,0,157,0,6,10,47,237,"1,030",0,7,7,8,346,0,177,1,0,169,0,6,10,47,252,"1,054",0,6,8,8,366,0,183,1,0,166,0,6,10,47,253,"1,109",0,6,7,11,385,1,197,1,0,179,0,6,10,47,259,"1,172",0,6,7,9,421,1,209,1,0,179,0,6,10,47,276,"1,203",0,6,7,10,435,1,212,1,0,187,0,6,11,47,280,"1,249",0,6,7,10,451,1,219,1,0,193,0,6,11,47,297,"1,268",0,6,7,9,1,457,1,223,1,1,194,0,6,11,48,303,"1,293",0,6,7,10,1,465,1,235,1,1,192,0,6,11,48,309,"1,331",0,6,8,11,2,484,1,243,1,1,195,0,6,11,48,314,"1,357",0,6,8,11,2,497,1,245,1,1,197,0,6,11,48,323
